# Blender 5.2.2 LTS
# www.blender.org
mtllib course.mtl
o asphalt_ground
v -41.738998 -52.330002 0.000000
v 30.237000 -52.330002 0.000000
v 30.237000 14.140000 0.000000
v -41.738998 14.140000 0.000000
vn -0.0000 -0.0000 1.0000
vt 5.039500 -8.721667
vt -6.956500 2.356667
vt -6.956500 -8.721667
vt 5.039500 2.356667
s 0
usemtl asphalt
f 2/1/1 4/2/1 1/3/1
f 2/1/1 3/4/1 4/2/1
o lane_tape_1
v -22.763956 -37.188416 0.004000
v -22.708044 -37.103584 0.004000
v -22.852142 -37.130295 0.004000
v -22.795858 -37.045708 0.004000
v -23.027201 -37.013252 0.004000
v -22.970798 -36.928745 0.004000
v -23.291180 -36.837269 0.004000
v -23.234821 -36.752731 0.004000
v -23.642015 -36.603378 0.004000
v -23.585985 -36.518623 0.004000
v -24.010723 -36.361568 0.004000
v -23.955276 -36.276432 0.004000
v -24.398455 -36.110741 0.004000
v -24.343546 -36.025257 0.004000
v -24.804193 -35.851910 0.004000
v -24.749807 -35.766090 0.004000
v -25.228638 -35.584625 0.004000
v -25.173363 -35.499374 0.004000
v -25.554274 -35.365517 0.004000
v -25.495726 -35.282482 0.004000
v -25.779398 -35.196129 0.004000
v -25.714602 -35.117870 0.004000
v -25.908321 -35.070900 0.004000
v -25.827677 -35.009102 0.004000
v -25.936872 -34.986858 0.004000
v -25.839127 -34.959141 0.004000
v -25.955151 -34.918839 0.004000
v -25.856850 -34.893162 0.004000
v -25.972305 -34.851234 0.004000
v -25.873695 -34.826767 0.004000
v -25.988556 -34.784176 0.004000
v -25.889444 -34.761822 0.004000
v -26.002651 -34.716747 0.004000
v -25.903349 -34.695255 0.004000
v -26.017492 -34.650448 0.004000
v -25.918507 -34.627552 0.004000
v -26.033327 -34.584148 0.004000
v -25.934673 -34.559853 0.004000
v -26.050152 -34.517838 0.004000
v -25.951849 -34.492161 0.004000
v -26.068060 -34.451180 0.004000
v -25.969940 -34.424820 0.004000
v -26.085968 -34.384521 0.004000
v -25.988033 -34.357479 0.004000
v -26.104748 -34.318295 0.004000
v -26.007252 -34.289707 0.004000
v -26.124546 -34.252964 0.004000
v -26.027454 -34.223034 0.004000
v -26.145157 -34.187172 0.004000
v -26.048843 -34.154827 0.004000
v -26.168360 -34.122379 0.004000
v -26.073641 -34.085621 0.004000
v -26.195494 -34.057472 0.004000
v -26.102507 -34.016529 0.004000
v -26.225573 -33.992447 0.004000
v -26.134428 -33.947556 0.004000
v -26.259888 -33.926785 0.004000
v -26.170111 -33.879215 0.004000
v -26.295673 -33.860184 0.004000
v -26.206326 -33.811817 0.004000
v -26.331675 -33.794186 0.004000
v -26.242327 -33.745815 0.004000
v -26.367609 -33.727303 0.004000
v -26.278391 -33.678696 0.004000
v -26.404329 -33.660812 0.004000
v -26.315672 -33.611187 0.004000
v -26.442047 -33.594311 0.004000
v -26.353954 -33.543690 0.004000
v -26.480761 -33.527798 0.004000
v -26.393238 -33.476200 0.004000
v -26.520475 -33.461281 0.004000
v -26.433525 -33.408722 0.004000
v -26.561331 -33.394516 0.004000
v -26.474669 -33.341484 0.004000
v -26.602386 -33.327423 0.004000
v -26.515614 -33.274574 0.004000
v -26.642532 -33.261185 0.004000
v -26.555468 -33.208817 0.004000
v -26.682760 -33.193798 0.004000
v -26.595240 -33.142200 0.004000
v -26.721903 -33.126556 0.004000
v -26.634096 -33.075443 0.004000
v -26.760904 -33.059555 0.004000
v -26.673096 -33.008446 0.004000
v -26.799904 -32.992558 0.004000
v -26.712097 -32.941444 0.004000
v -26.839046 -32.925308 0.004000
v -26.750954 -32.874691 0.004000
v -26.877047 -32.858311 0.004000
v -26.788954 -32.807690 0.004000
v -26.915676 -32.791943 0.004000
v -26.828323 -32.740055 0.004000
v -26.955532 -32.726185 0.004000
v -26.868469 -32.673817 0.004000
v -26.995474 -32.659279 0.004000
v -26.908525 -32.606720 0.004000
v -27.036186 -32.592751 0.004000
v -26.949814 -32.539249 0.004000
v -27.077753 -32.526440 0.004000
v -26.992247 -32.471561 0.004000
v -27.121317 -32.460106 0.004000
v -27.036684 -32.403893 0.004000
v -27.166025 -32.393539 0.004000
v -27.081974 -32.336460 0.004000
v -27.211880 -32.326752 0.004000
v -27.128120 -32.269249 0.004000
v -27.257925 -32.259686 0.004000
v -27.174074 -32.202312 0.004000
v -27.303219 -32.193253 0.004000
v -27.218781 -32.136749 0.004000
v -27.347462 -32.125885 0.004000
v -27.262537 -32.070114 0.004000
v -27.391607 -32.058662 0.004000
v -27.306393 -32.003338 0.004000
v -27.434753 -31.991438 0.004000
v -27.349247 -31.936562 0.004000
v -27.477898 -31.924212 0.004000
v -27.392103 -31.869789 0.004000
v -27.520042 -31.856981 0.004000
v -27.433958 -31.803019 0.004000
v -27.561659 -31.790585 0.004000
v -27.476341 -31.735416 0.004000
v -27.604925 -31.725685 0.004000
v -27.521074 -31.668314 0.004000
v -27.651442 -31.659380 0.004000
v -27.568558 -31.600620 0.004000
v -27.698858 -31.593187 0.004000
v -27.617142 -31.532814 0.004000
v -27.749422 -31.526770 0.004000
v -27.668579 -31.465231 0.004000
v -27.800568 -31.459578 0.004000
v -27.719433 -31.398424 0.004000
v -27.850714 -31.392384 0.004000
v -27.769287 -31.331617 0.004000
v -27.900858 -31.325188 0.004000
v -27.819141 -31.264812 0.004000
v -27.949751 -31.258333 0.004000
v -27.868250 -31.197668 0.004000
v -27.999603 -31.192528 0.004000
v -27.918396 -31.131472 0.004000
v -28.049568 -31.125576 0.004000
v -27.968433 -31.064423 0.004000
v -28.100422 -31.058769 0.004000
v -28.019579 -30.997231 0.004000
v -28.151859 -30.991186 0.004000
v -28.070141 -30.930813 0.004000
v -28.200588 -30.923174 0.004000
v -28.117413 -30.864826 0.004000
v -28.247171 -30.855324 0.004000
v -28.162828 -30.798676 0.004000
v -28.292042 -30.786982 0.004000
v -28.205957 -30.733019 0.004000
v -28.332096 -30.719894 0.004000
v -28.245903 -30.666105 0.004000
v -28.374659 -30.654583 0.004000
v -28.289341 -30.599417 0.004000
v -28.417461 -30.587885 0.004000
v -28.332539 -30.532114 0.004000
v -28.462025 -30.521540 0.004000
v -28.377975 -30.464460 0.004000
v -28.507879 -30.454752 0.004000
v -28.424120 -30.397247 0.004000
v -28.554026 -30.387539 0.004000
v -28.469975 -30.330462 0.004000
v -28.599171 -30.320324 0.004000
v -28.514830 -30.263676 0.004000
v -28.644218 -30.253252 0.004000
v -28.559780 -30.196747 0.004000
v -28.688513 -30.186810 0.004000
v -28.603487 -30.131191 0.004000
v -28.732042 -30.118982 0.004000
v -28.645958 -30.065018 0.004000
v -28.773619 -30.051041 0.004000
v -28.686382 -29.998959 0.004000
v -28.813046 -29.983311 0.004000
v -28.724955 -29.932690 0.004000
v -28.851330 -29.915812 0.004000
v -28.762671 -29.866188 0.004000
v -28.888187 -29.849062 0.004000
v -28.799812 -29.798939 0.004000
v -28.927046 -29.782310 0.004000
v -28.838955 -29.731689 0.004000
v -28.964964 -29.715452 0.004000
v -28.877037 -29.664547 0.004000
v -29.003820 -29.649698 0.004000
v -28.916180 -29.598301 0.004000
v -29.043188 -29.582062 0.004000
v -28.954813 -29.531939 0.004000
v -29.080610 -29.514303 0.004000
v -28.991390 -29.465698 0.004000
v -29.116888 -29.446785 0.004000
v -29.027111 -29.399216 0.004000
v -29.152302 -29.378988 0.004000
v -29.061699 -29.333012 0.004000
v -29.185972 -29.310614 0.004000
v -29.094027 -29.267385 0.004000
v -29.216494 -29.242472 0.004000
v -29.123507 -29.201529 0.004000
v -29.245945 -29.174414 0.004000
v -29.152056 -29.135588 0.004000
v -29.272312 -29.107498 0.004000
v -29.177687 -29.070501 0.004000
v -29.298477 -29.040070 0.004000
v -29.203522 -29.003931 0.004000
v -29.323595 -28.972759 0.004000
v -29.228405 -28.937241 0.004000
v -29.348711 -28.905447 0.004000
v -29.253290 -28.870554 0.004000
v -29.372936 -28.837812 0.004000
v -29.277063 -28.804186 0.004000
v -29.396370 -28.769522 0.004000
v -29.299629 -28.738478 0.004000
v -29.416872 -28.700859 0.004000
v -29.319128 -28.673140 0.004000
v -29.435217 -28.632582 0.004000
v -29.336782 -28.607418 0.004000
v -29.451218 -28.566582 0.004000
v -29.352783 -28.541418 0.004000
v -29.468967 -28.500521 0.004000
v -29.371033 -28.473480 0.004000
v -29.487577 -28.434864 0.004000
v -29.390423 -28.405136 0.004000
v -29.509157 -28.369171 0.004000
v -29.412844 -28.336828 0.004000
v -29.532158 -28.302172 0.004000
v -29.435843 -28.269829 0.004000
v -29.554474 -28.234194 0.004000
v -29.457525 -28.203806 0.004000
v -29.574747 -28.166294 0.004000
v -29.477253 -28.137705 0.004000
v -29.593941 -28.099615 0.004000
v -29.496059 -28.072384 0.004000
v -29.612150 -28.031837 0.004000
v -29.513849 -28.006163 0.004000
v -29.629410 -27.963800 0.004000
v -29.530590 -27.940201 0.004000
v -29.644651 -27.895744 0.004000
v -29.545349 -27.874254 0.004000
v -29.658798 -27.828033 0.004000
v -29.559200 -27.807966 0.004000
v -29.671869 -27.760677 0.004000
v -29.572130 -27.741323 0.004000
v -29.684870 -27.693676 0.004000
v -29.585131 -27.674324 0.004000
v -29.697784 -27.627108 0.004000
v -29.598215 -27.606894 0.004000
v -29.711710 -27.561464 0.004000
v -29.612289 -27.540535 0.004000
v -29.725939 -27.493317 0.004000
v -29.626062 -27.474684 0.004000
v -29.737188 -27.424866 0.004000
v -29.636812 -27.409134 0.004000
v -29.747347 -27.356764 0.004000
v -29.646652 -27.343237 0.004000
v -29.755526 -27.288279 0.004000
v -29.654474 -27.277721 0.004000
v -29.761597 -27.220531 0.004000
v -29.660402 -27.211470 0.004000
v -29.767658 -27.152781 0.004000
v -29.666342 -27.145220 0.004000
v -29.771685 -27.085430 0.004000
v -29.670317 -27.078569 0.004000
v -29.776709 -27.019051 0.004000
v -29.675291 -27.012951 0.004000
v -29.779749 -26.951273 0.004000
v -29.678251 -26.946728 0.004000
v -29.782749 -26.884272 0.004000
v -29.681252 -26.879728 0.004000
v -29.785765 -26.816895 0.004000
v -29.684235 -26.813107 0.004000
v -29.787786 -26.749138 0.004000
v -29.686213 -26.746862 0.004000
v -29.788794 -26.681759 0.004000
v -29.687206 -26.680241 0.004000
v -29.789801 -26.614000 0.004000
v -29.688200 -26.614000 0.004000
v -29.788794 -26.547235 0.004000
v -29.687206 -26.548763 0.004000
v -29.787777 -26.479485 0.004000
v -29.686222 -26.482517 0.004000
v -29.784731 -26.411350 0.004000
v -29.683270 -26.416651 0.004000
v -29.780710 -26.343973 0.004000
v -29.679291 -26.350027 0.004000
v -29.776686 -26.276596 0.004000
v -29.675314 -26.283403 0.004000
v -29.771597 -26.208469 0.004000
v -29.670403 -26.217531 0.004000
v -29.764524 -26.140720 0.004000
v -29.663475 -26.151279 0.004000
v -29.757481 -26.073307 0.004000
v -29.656521 -26.084694 0.004000
v -29.749390 -26.006559 0.004000
v -29.648609 -26.019442 0.004000
v -29.740297 -25.938869 0.004000
v -29.639704 -25.953131 0.004000
v -29.730068 -25.870405 0.004000
v -29.629932 -25.887594 0.004000
v -29.716650 -25.801254 0.004000
v -29.617350 -25.822746 0.004000
v -29.700239 -25.732506 0.004000
v -29.601761 -25.757494 0.004000
v -29.681776 -25.663805 0.004000
v -29.584225 -25.692196 0.004000
v -29.660475 -25.595806 0.004000
v -29.563526 -25.626194 0.004000
v -29.639336 -25.528372 0.004000
v -29.542664 -25.559628 0.004000
v -29.617229 -25.462046 0.004000
v -29.520771 -25.493956 0.004000
v -29.595158 -25.394829 0.004000
v -29.498842 -25.427172 0.004000
v -29.572157 -25.327827 0.004000
v -29.475843 -25.360172 0.004000
v -29.550264 -25.261152 0.004000
v -29.453735 -25.292849 0.004000
v -29.528265 -25.194151 0.004000
v -29.431736 -25.225849 0.004000
v -29.506266 -25.127151 0.004000
v -29.409735 -25.158848 0.004000
v -29.484158 -25.059828 0.004000
v -29.387842 -25.092173 0.004000
v -29.461121 -24.992718 0.004000
v -29.364880 -25.025282 0.004000
v -29.439230 -24.927044 0.004000
v -29.342772 -24.958956 0.004000
v -29.417265 -24.860151 0.004000
v -29.320736 -24.891848 0.004000
v -29.395266 -24.793152 0.004000
v -29.298735 -24.824848 0.004000
v -29.373158 -24.725828 0.004000
v -29.276842 -24.758173 0.004000
v -29.349937 -24.658186 0.004000
v -29.254063 -24.691814 0.004000
v -29.325825 -24.590868 0.004000
v -29.230175 -24.625132 0.004000
v -29.301668 -24.523438 0.004000
v -29.206331 -24.558561 0.004000
v -29.276432 -24.456812 0.004000
v -29.181568 -24.493189 0.004000
v -29.250238 -24.389317 0.004000
v -29.155760 -24.426683 0.004000
v -29.222996 -24.321711 0.004000
v -29.129004 -24.360289 0.004000
v -29.194872 -24.254412 0.004000
v -29.101128 -24.293589 0.004000
v -29.166746 -24.187115 0.004000
v -29.073254 -24.226885 0.004000
v -29.137747 -24.120115 0.004000
v -29.044254 -24.159885 0.004000
v -29.109621 -24.052822 0.004000
v -29.016380 -24.093178 0.004000
v -29.079565 -23.985693 0.004000
v -28.986435 -24.026306 0.004000
v -29.051945 -23.920588 0.004000
v -28.958055 -23.959414 0.004000
v -29.025118 -23.854013 0.004000
v -28.930882 -23.891987 0.004000
v -28.998360 -23.787622 0.004000
v -28.903641 -23.824379 0.004000
v -28.973358 -23.720621 0.004000
v -28.878641 -23.757378 0.004000
v -28.946117 -23.653011 0.004000
v -28.851883 -23.690989 0.004000
v -28.918995 -23.585711 0.004000
v -28.825005 -23.624289 0.004000
v -28.890747 -23.518116 0.004000
v -28.797253 -23.557884 0.004000
v -28.861818 -23.451286 0.004000
v -28.768181 -23.490713 0.004000
v -28.835068 -23.385889 0.004000
v -28.740932 -23.424110 0.004000
v -28.808239 -23.319317 0.004000
v -28.713760 -23.356684 0.004000
v -28.782478 -23.252930 0.004000
v -28.687523 -23.289070 0.004000
v -28.757595 -23.186241 0.004000
v -28.662405 -23.221760 0.004000
v -28.732595 -23.119242 0.004000
v -28.637405 -23.154758 0.004000
v -28.707359 -23.051622 0.004000
v -28.612640 -23.088379 0.004000
v -28.680191 -22.984194 0.004000
v -28.585810 -23.021805 0.004000
v -28.654068 -22.917891 0.004000
v -28.559931 -22.956110 0.004000
v -28.625996 -22.850710 0.004000
v -28.532005 -22.889290 0.004000
v -28.598871 -22.783413 0.004000
v -28.505129 -22.822588 0.004000
v -28.569746 -22.716116 0.004000
v -28.476254 -22.755884 0.004000
v -28.541620 -22.648821 0.004000
v -28.448380 -22.689178 0.004000
v -28.511364 -22.581240 0.004000
v -28.418636 -22.622761 0.004000
v -28.481236 -22.513952 0.004000
v -28.388765 -22.556047 0.004000
v -28.450043 -22.446537 0.004000
v -28.357958 -22.489464 0.004000
v -28.418909 -22.380253 0.004000
v -28.327089 -22.423746 0.004000
v -28.386841 -22.313107 0.004000
v -28.295160 -22.356894 0.004000
v -28.354839 -22.246107 0.004000
v -28.263161 -22.289894 0.004000
v -28.322840 -22.179106 0.004000
v -28.231159 -22.222893 0.004000
v -28.290840 -22.112106 0.004000
v -28.199160 -22.155893 0.004000
v -28.258972 -22.045385 0.004000
v -28.167028 -22.088614 0.004000
v -28.228104 -21.978668 0.004000
v -28.135897 -22.021332 0.004000
v -28.197042 -21.911537 0.004000
v -28.104958 -21.954464 0.004000
v -28.166176 -21.845823 0.004000
v -28.073824 -21.888178 0.004000
v -28.136364 -21.779240 0.004000
v -28.043636 -21.820761 0.004000
v -28.106365 -21.712240 0.004000
v -28.013636 -21.753759 0.004000
v -28.076365 -21.645241 0.004000
v -27.983635 -21.686760 0.004000
v -28.046234 -21.577953 0.004000
v -27.953766 -21.620047 0.004000
v -28.015104 -21.510668 0.004000
v -27.922895 -21.553331 0.004000
v -27.983841 -21.443106 0.004000
v -27.892160 -21.486893 0.004000
v -27.950504 -21.375418 0.004000
v -27.859495 -21.420582 0.004000
v -27.917368 -21.309145 0.004000
v -27.826632 -21.354855 0.004000
v -27.883436 -21.242281 0.004000
v -27.792562 -21.287718 0.004000
v -27.850573 -21.175554 0.004000
v -27.759428 -21.220446 0.004000
v -27.817436 -21.108282 0.004000
v -27.726562 -21.153719 0.004000
v -27.783438 -21.041283 0.004000
v -27.692562 -21.086718 0.004000
v -27.750437 -20.974281 0.004000
v -27.659563 -21.019718 0.004000
v -27.716368 -20.907145 0.004000
v -27.625631 -20.952854 0.004000
v -27.683369 -20.841145 0.004000
v -27.592632 -20.886854 0.004000
v -27.649437 -20.774281 0.004000
v -27.558563 -20.819719 0.004000
v -27.616707 -20.707829 0.004000
v -27.525293 -20.752171 0.004000
v -27.584841 -20.641106 0.004000
v -27.493160 -20.684895 0.004000
v -27.552839 -20.574106 0.004000
v -27.461161 -20.617893 0.004000
v -27.520840 -20.507107 0.004000
v -27.429159 -20.550894 0.004000
v -27.488840 -20.440105 0.004000
v -27.397160 -20.483894 0.004000
v -27.456640 -20.372694 0.004000
v -27.365358 -20.417305 0.004000
v -27.423368 -20.306145 0.004000
v -27.332632 -20.351854 0.004000
v -27.389572 -20.239553 0.004000
v -27.298428 -20.284447 0.004000
v -27.357840 -20.173107 0.004000
v -27.266159 -20.216894 0.004000
v -27.326103 -20.106668 0.004000
v -27.233896 -20.149332 0.004000
v -27.296364 -20.040239 0.004000
v -27.203636 -20.081760 0.004000
v -27.266493 -19.973530 0.004000
v -27.173508 -20.014471 0.004000
v -27.237621 -19.906822 0.004000
v -27.144379 -19.947178 0.004000
v -27.208693 -19.839989 0.004000
v -27.115307 -19.880011 0.004000
v -27.180819 -19.774286 0.004000
v -27.087181 -19.813713 0.004000
v -27.152996 -19.707710 0.004000
v -27.059004 -19.746288 0.004000
v -27.126118 -19.641012 0.004000
v -27.031881 -19.678988 0.004000
v -27.099239 -19.574316 0.004000
v -27.004761 -19.611685 0.004000
v -27.073477 -19.507931 0.004000
v -26.978523 -19.544069 0.004000
v -27.048595 -19.441240 0.004000
v -26.953405 -19.476759 0.004000
v -27.023550 -19.374125 0.004000
v -26.928450 -19.409876 0.004000
v -26.998432 -19.307812 0.004000
v -26.903568 -19.344189 0.004000
v -26.972359 -19.240622 0.004000
v -26.877642 -19.277378 0.004000
v -26.946478 -19.173931 0.004000
v -26.851522 -19.210070 0.004000
v -26.921711 -19.107553 0.004000
v -26.826290 -19.142447 0.004000
v -26.897936 -19.041185 0.004000
v -26.802063 -19.074814 0.004000
v -26.875156 -18.974829 0.004000
v -26.778843 -19.007172 0.004000
v -26.853264 -18.908152 0.004000
v -26.756735 -18.939848 0.004000
v -26.831228 -18.841043 0.004000
v -26.734772 -18.872955 0.004000
v -26.809336 -18.775372 0.004000
v -26.712664 -18.806627 0.004000
v -26.788475 -18.708807 0.004000
v -26.691525 -18.739193 0.004000
v -26.767576 -18.642138 0.004000
v -26.670424 -18.671864 0.004000
v -26.747677 -18.575470 0.004000
v -26.650322 -18.604530 0.004000
v -26.727776 -18.508804 0.004000
v -26.630224 -18.537195 0.004000
v -26.708967 -18.442478 0.004000
v -26.611032 -18.469521 0.004000
v -26.690872 -18.375141 0.004000
v -26.593126 -18.402859 0.004000
v -26.670748 -18.307705 0.004000
v -26.573252 -18.336294 0.004000
v -26.651747 -18.241707 0.004000
v -26.554253 -18.270294 0.004000
v -26.631678 -18.174469 0.004000
v -26.534323 -18.203531 0.004000
v -26.611677 -18.107470 0.004000
v -26.514322 -18.136532 0.004000
v -26.591873 -18.041140 0.004000
v -26.494127 -18.068859 0.004000
v -26.574152 -17.975163 0.004000
v -26.475849 -18.000837 0.004000
v -26.557327 -17.908854 0.004000
v -26.458673 -17.933147 0.004000
v -26.541306 -17.841766 0.004000
v -26.442696 -17.866234 0.004000
v -26.524305 -17.775766 0.004000
v -26.425695 -17.800234 0.004000
v -26.508240 -17.708506 0.004000
v -26.409760 -17.733494 0.004000
v -26.490061 -17.640820 0.004000
v -26.391939 -17.667181 0.004000
v -26.472061 -17.573820 0.004000
v -26.373940 -17.600180 0.004000
v -26.454151 -17.507162 0.004000
v -26.355848 -17.532837 0.004000
v -26.437151 -17.440163 0.004000
v -26.338848 -17.465837 0.004000
v -26.419060 -17.372820 0.004000
v -26.320940 -17.399181 0.004000
v -26.401127 -17.306070 0.004000
v -26.302874 -17.331928 0.004000
v -26.384127 -17.240072 0.004000
v -26.285873 -17.265928 0.004000
v -26.366060 -17.172819 0.004000
v -26.267941 -17.199181 0.004000
v -26.348150 -17.106163 0.004000
v -26.249849 -17.131838 0.004000
v -26.331152 -17.039162 0.004000
v -26.232849 -17.064838 0.004000
v -26.313240 -16.972506 0.004000
v -26.214760 -16.997494 0.004000
v -26.297327 -16.905853 0.004000
v -26.198673 -16.930147 0.004000
v -26.280327 -16.838852 0.004000
v -26.181673 -16.863148 0.004000
v -26.264391 -16.772116 0.004000
v -26.165609 -16.795883 0.004000
v -26.248474 -16.706469 0.004000
v -26.149527 -16.729532 0.004000
v -26.233572 -16.639902 0.004000
v -26.134426 -16.662098 0.004000
v -26.218573 -16.572901 0.004000
v -26.119427 -16.595098 0.004000
v -26.203650 -16.506254 0.004000
v -26.104349 -16.527746 0.004000
v -26.189726 -16.439610 0.004000
v -26.090275 -16.460390 0.004000
v -26.175798 -16.372967 0.004000
v -26.076200 -16.393034 0.004000
v -26.162870 -16.306324 0.004000
v -26.063129 -16.325676 0.004000
v -26.149925 -16.239614 0.004000
v -26.050074 -16.258385 0.004000
v -26.138119 -16.174709 0.004000
v -26.037882 -16.191290 0.004000
v -26.128187 -16.108135 0.004000
v -26.027813 -16.123865 0.004000
v -26.117243 -16.041502 0.004000
v -26.016756 -16.056499 0.004000
v -26.108397 -15.975606 0.004000
v -26.007605 -15.988394 0.004000
v -26.100525 -15.909721 0.004000
v -25.999475 -15.920279 0.004000
v -26.094660 -15.844220 0.004000
v -25.993341 -15.851780 0.004000
v -26.090708 -15.777949 0.004000
v -25.989292 -15.784051 0.004000
v -26.086748 -15.712710 0.004000
v -25.985252 -15.717290 0.004000
v -26.084778 -15.646484 0.004000
v -25.983223 -15.649516 0.004000
v -26.082777 -15.579484 0.004000
v -25.981222 -15.582516 0.004000
v -26.080788 -15.512863 0.004000
v -25.979212 -15.515137 0.004000
v -26.079798 -15.446620 0.004000
v -25.978201 -15.447380 0.004000
v -26.079800 -15.380000 0.004000
v -25.978201 -15.380000 0.004000
v -26.079794 -15.313759 0.004000
v -25.978205 -15.312242 0.004000
v -26.081764 -15.247909 0.004000
v -25.980236 -15.244091 0.004000
v -26.084709 -15.183050 0.004000
v -25.983292 -15.176950 0.004000
v -26.089598 -15.117531 0.004000
v -25.988403 -15.108469 0.004000
v -26.096441 -15.052023 0.004000
v -25.995558 -15.039977 0.004000
v -26.105297 -14.986132 0.004000
v -26.004704 -14.971868 0.004000
v -26.115187 -14.919866 0.004000
v -26.014812 -14.904135 0.004000
v -26.126068 -14.853593 0.004000
v -26.025932 -14.836407 0.004000
v -26.138067 -14.786594 0.004000
v -26.037931 -14.769406 0.004000
v -26.148993 -14.720021 0.004000
v -26.049007 -14.701979 0.004000
v -26.161856 -14.654746 0.004000
v -26.062143 -14.635254 0.004000
v -26.174726 -14.588390 0.004000
v -26.075274 -14.567610 0.004000
v -26.189493 -14.522449 0.004000
v -26.090508 -14.499550 0.004000
v -26.205240 -14.456493 0.004000
v -26.106760 -14.431506 0.004000
v -26.223061 -14.390181 0.004000
v -26.124939 -14.363820 0.004000
v -26.241060 -14.323180 0.004000
v -26.142941 -14.296820 0.004000
v -26.258942 -14.256616 0.004000
v -26.161058 -14.229384 0.004000
v -26.277748 -14.191295 0.004000
v -26.180252 -14.162705 0.004000
v -26.297678 -14.124530 0.004000
v -26.200323 -14.095469 0.004000
v -26.317577 -14.057863 0.004000
v -26.220423 -14.028137 0.004000
v -26.338371 -13.991522 0.004000
v -26.241629 -13.960478 0.004000
v -26.360157 -13.925172 0.004000
v -26.263844 -13.892828 0.004000
v -26.383047 -13.858494 0.004000
v -26.286953 -13.825506 0.004000
v -26.406157 -13.791172 0.004000
v -26.309843 -13.758828 0.004000
v -26.428228 -13.723956 0.004000
v -26.331770 -13.692044 0.004000
v -26.450121 -13.658281 0.004000
v -26.353880 -13.625719 0.004000
v -26.473158 -13.591172 0.004000
v -26.376842 -13.558827 0.004000
v -26.495371 -13.523522 0.004000
v -26.398630 -13.492477 0.004000
v -26.516476 -13.456193 0.004000
v -26.419525 -13.425807 0.004000
v -26.537476 -13.389194 0.004000
v -26.440525 -13.358807 0.004000
v -26.558475 -13.322193 0.004000
v -26.461525 -13.291806 0.004000
v -26.579370 -13.255522 0.004000
v -26.482630 -13.224479 0.004000
v -26.601229 -13.188956 0.004000
v -26.504770 -13.157044 0.004000
v -26.623119 -13.123281 0.004000
v -26.526880 -13.090718 0.004000
v -26.646048 -13.056494 0.004000
v -26.549952 -13.023506 0.004000
v -26.669048 -12.989494 0.004000
v -26.572952 -12.956506 0.004000
v -26.692158 -12.922173 0.004000
v -26.595842 -12.889828 0.004000
v -26.714157 -12.855172 0.004000
v -26.617844 -12.822827 0.004000
v -26.737265 -12.787848 0.004000
v -26.640736 -12.756152 0.004000
v -26.758577 -12.719863 0.004000
v -26.661423 -12.690137 0.004000
v -26.778646 -12.652631 0.004000
v -26.681353 -12.623369 0.004000
v -26.798845 -12.585956 0.004000
v -26.701155 -12.558044 0.004000
v -26.816967 -12.518521 0.004000
v -26.719032 -12.491479 0.004000
v -26.835873 -12.451859 0.004000
v -26.738127 -12.424141 0.004000
v -26.854776 -12.385196 0.004000
v -26.757223 -12.356804 0.004000
v -26.874678 -12.318531 0.004000
v -26.777323 -12.289469 0.004000
v -26.894678 -12.251531 0.004000
v -26.797323 -12.222469 0.004000
v -26.914845 -12.183956 0.004000
v -26.817154 -12.156044 0.004000
v -26.933035 -12.117273 0.004000
v -26.834965 -12.090727 0.004000
v -26.951151 -12.049838 0.004000
v -26.852848 -12.024162 0.004000
v -26.968151 -11.982838 0.004000
v -26.869848 -11.957162 0.004000
v -26.985968 -11.916520 0.004000
v -26.888033 -11.889480 0.004000
v -27.004873 -11.849859 0.004000
v -26.907127 -11.822141 0.004000
v -27.023678 -11.783531 0.004000
v -26.926323 -11.754469 0.004000
v -27.044678 -11.716530 0.004000
v -26.947323 -11.687469 0.004000
v -27.063845 -11.648956 0.004000
v -26.966154 -11.621044 0.004000
v -27.082941 -11.582616 0.004000
v -26.985058 -11.555385 0.004000
v -27.101151 -11.514838 0.004000
v -27.002850 -11.489162 0.004000
v -27.118151 -11.447838 0.004000
v -27.019850 -11.422162 0.004000
v -27.136061 -11.381180 0.004000
v -27.037939 -11.354820 0.004000
v -27.154060 -11.314180 0.004000
v -27.055939 -11.287820 0.004000
v -27.171968 -11.247521 0.004000
v -27.074032 -11.220479 0.004000
v -27.190872 -11.180860 0.004000
v -27.093126 -11.153140 0.004000
v -27.209648 -11.114631 0.004000
v -27.112352 -11.085369 0.004000
v -27.230442 -11.049297 0.004000
v -27.133558 -11.018703 0.004000
v -27.251371 -10.982522 0.004000
v -27.154629 -10.951478 0.004000
v -27.273264 -10.915849 0.004000
v -27.176735 -10.884151 0.004000
v -27.295265 -10.848847 0.004000
v -27.198734 -10.817152 0.004000
v -27.317265 -10.781848 0.004000
v -27.220736 -10.750152 0.004000
v -27.339371 -10.714522 0.004000
v -27.242630 -10.683477 0.004000
v -27.360441 -10.647297 0.004000
v -27.263557 -10.616703 0.004000
v -27.381441 -10.581297 0.004000
v -27.284557 -10.550703 0.004000
v -27.402475 -10.514194 0.004000
v -27.305525 -10.483807 0.004000
v -27.423475 -10.447193 0.004000
v -27.326525 -10.416806 0.004000
v -27.444370 -10.380522 0.004000
v -27.347630 -10.349479 0.004000
v -27.466265 -10.313848 0.004000
v -27.369736 -10.282151 0.004000
v -27.488049 -10.247495 0.004000
v -27.391953 -10.214505 0.004000
v -27.511711 -10.181446 0.004000
v -27.416290 -10.146554 0.004000
v -27.536669 -10.114562 0.004000
v -27.441332 -10.079438 0.004000
v -27.560667 -10.048562 0.004000
v -27.465332 -10.013438 0.004000
v -27.585594 -9.981759 0.004000
v -27.490406 -9.946241 0.004000
v -27.610594 -9.914759 0.004000
v -27.515406 -9.879241 0.004000
v -27.635477 -9.848070 0.004000
v -27.540522 -9.811930 0.004000
v -27.661360 -9.781378 0.004000
v -27.566641 -9.744622 0.004000
v -27.687239 -9.714684 0.004000
v -27.592760 -9.677316 0.004000
v -27.713995 -9.648290 0.004000
v -27.620005 -9.609711 0.004000
v -27.741943 -9.581413 0.004000
v -27.648056 -9.542586 0.004000
v -27.769068 -9.515111 0.004000
v -27.674932 -9.476890 0.004000
v -27.796118 -9.447988 0.004000
v -27.701881 -9.410012 0.004000
v -27.823238 -9.380684 0.004000
v -27.728762 -9.343316 0.004000
v -27.849360 -9.313378 0.004000
v -27.754641 -9.276622 0.004000
v -27.875238 -9.246684 0.004000
v -27.780760 -9.209316 0.004000
v -27.902119 -9.179988 0.004000
v -27.807882 -9.142012 0.004000
v -27.928995 -9.113289 0.004000
v -27.835005 -9.074711 0.004000
v -27.956820 -9.046713 0.004000
v -27.863180 -9.007287 0.004000
v -27.984943 -8.980413 0.004000
v -27.891056 -8.941586 0.004000
v -28.012117 -8.912988 0.004000
v -27.917883 -8.875012 0.004000
v -28.039118 -8.845987 0.004000
v -27.944881 -8.808012 0.004000
v -28.066118 -8.778988 0.004000
v -27.971882 -8.741013 0.004000
v -28.093119 -8.711988 0.004000
v -27.998882 -8.674012 0.004000
v -28.120239 -8.644685 0.004000
v -28.025761 -8.607315 0.004000
v -28.146313 -8.577498 0.004000
v -28.051687 -8.540502 0.004000
v -28.172312 -8.511497 0.004000
v -28.077688 -8.474503 0.004000
v -28.198238 -8.444684 0.004000
v -28.103762 -8.407316 0.004000
v -28.224995 -8.378289 0.004000
v -28.131004 -8.339711 0.004000
v -28.252995 -8.311289 0.004000
v -28.159004 -8.272711 0.004000
v -28.279871 -8.244588 0.004000
v -28.186129 -8.205412 0.004000
v -28.308746 -8.177885 0.004000
v -28.215254 -8.138115 0.004000
v -28.336746 -8.110885 0.004000
v -28.243254 -8.071115 0.004000
v -28.365564 -8.044306 0.004000
v -28.272434 -8.003694 0.004000
v -28.394693 -7.978011 0.004000
v -28.301308 -7.937989 0.004000
v -28.422995 -7.910289 0.004000
v -28.329004 -7.871711 0.004000
v -28.450239 -7.842685 0.004000
v -28.355761 -7.805315 0.004000
v -28.476477 -7.775070 0.004000
v -28.381523 -7.738930 0.004000
v -28.501711 -7.707446 0.004000
v -28.406290 -7.672554 0.004000
v -28.525711 -7.640446 0.004000
v -28.430290 -7.605554 0.004000
v -28.550594 -7.573759 0.004000
v -28.455406 -7.538241 0.004000
v -28.575550 -7.506876 0.004000
v -28.480450 -7.471124 0.004000
v -28.600552 -7.440876 0.004000
v -28.505449 -7.405124 0.004000
v -28.625710 -7.373446 0.004000
v -28.530291 -7.338554 0.004000
v -28.649824 -7.306131 0.004000
v -28.554176 -7.271869 0.004000
v -28.673937 -7.238814 0.004000
v -28.578064 -7.205186 0.004000
v -28.696938 -7.171814 0.004000
v -28.601063 -7.138186 0.004000
v -28.720825 -7.105131 0.004000
v -28.625175 -7.070869 0.004000
v -28.744783 -7.038245 0.004000
v -28.649218 -7.003755 0.004000
v -28.768784 -6.972245 0.004000
v -28.673216 -6.937755 0.004000
v -28.792824 -6.905130 0.004000
v -28.697176 -6.870869 0.004000
v -28.816936 -6.837813 0.004000
v -28.721064 -6.804187 0.004000
v -28.839937 -6.770814 0.004000
v -28.744062 -6.737186 0.004000
v -28.863937 -6.703814 0.004000
v -28.768063 -6.670186 0.004000
v -28.887049 -6.636494 0.004000
v -28.790953 -6.603506 0.004000
v -28.910156 -6.569172 0.004000
v -28.813843 -6.536828 0.004000
v -28.932119 -6.502281 0.004000
v -28.835880 -6.469718 0.004000
v -28.955229 -6.435955 0.004000
v -28.858770 -6.404045 0.004000
v -28.976370 -6.368522 0.004000
v -28.879629 -6.337478 0.004000
v -28.998474 -6.301193 0.004000
v -28.901525 -6.270806 0.004000
v -29.018677 -6.233531 0.004000
v -28.921322 -6.204470 0.004000
v -29.038677 -6.166531 0.004000
v -28.941322 -6.137469 0.004000
v -29.058872 -6.098859 0.004000
v -28.961126 -6.071140 0.004000
v -29.077150 -6.030838 0.004000
v -28.978849 -6.005162 0.004000
v -29.094305 -5.963234 0.004000
v -28.995695 -5.938766 0.004000
v -29.110474 -5.896532 0.004000
v -29.011526 -5.873468 0.004000
v -29.125650 -5.828745 0.004000
v -29.026350 -5.807255 0.004000
v -29.139727 -5.761391 0.004000
v -29.040274 -5.740610 0.004000
v -29.153650 -5.694745 0.004000
v -29.054350 -5.673255 0.004000
v -29.168650 -5.627745 0.004000
v -29.069349 -5.606255 0.004000
v -29.182650 -5.560746 0.004000
v -29.083349 -5.539254 0.004000
v -29.197411 -5.494800 0.004000
v -29.098589 -5.471200 0.004000
v -29.214127 -5.428928 0.004000
v -29.115873 -5.403072 0.004000
v -29.231846 -5.363955 0.004000
v -29.134155 -5.336045 0.004000
v -29.251873 -5.296860 0.004000
v -29.154127 -5.269141 0.004000
v -29.270060 -5.229181 0.004000
v -29.171940 -5.202819 0.004000
v -29.288061 -5.162180 0.004000
v -29.189939 -5.135820 0.004000
v -29.306150 -5.094838 0.004000
v -29.207850 -5.069162 0.004000
v -29.323326 -5.027148 0.004000
v -29.224674 -5.002852 0.004000
v -29.339390 -4.959883 0.004000
v -29.240610 -4.936117 0.004000
v -29.355391 -4.893883 0.004000
v -29.256609 -4.870117 0.004000
v -29.371410 -4.826799 0.004000
v -29.272589 -4.803201 0.004000
v -29.387573 -4.759098 0.004000
v -29.288427 -4.736902 0.004000
v -29.401798 -4.691034 0.004000
v -29.302200 -4.670966 0.004000
v -29.414869 -4.623677 0.004000
v -29.315130 -4.604323 0.004000
v -29.428005 -4.555956 0.004000
v -29.327995 -4.538044 0.004000
v -29.439129 -4.488230 0.004000
v -29.338871 -4.471770 0.004000
v -29.450056 -4.421657 0.004000
v -29.349943 -4.404343 0.004000
v -29.461992 -4.356021 0.004000
v -29.362007 -4.337979 0.004000
v -29.474005 -4.288956 0.004000
v -29.373995 -4.271044 0.004000
v -29.486069 -4.221594 0.004000
v -29.385933 -4.204406 0.004000
v -29.497244 -4.153499 0.004000
v -29.396757 -4.138502 0.004000
v -29.506441 -4.085022 0.004000
v -29.405558 -4.072978 0.004000
v -29.513563 -4.016905 0.004000
v -29.412437 -4.007094 0.004000
v -29.519598 -3.949532 0.004000
v -29.418402 -3.940469 0.004000
v -29.525595 -3.882565 0.004000
v -29.424406 -3.873435 0.004000
v -29.531559 -3.816942 0.004000
v -29.430441 -3.807058 0.004000
v -29.538525 -3.750279 0.004000
v -29.437475 -3.739721 0.004000
v -29.545525 -3.683279 0.004000
v -29.444475 -3.672721 0.004000
v -29.552485 -3.616651 0.004000
v -29.451515 -3.605349 0.004000
v -29.560396 -3.550393 0.004000
v -29.459604 -3.537607 0.004000
v -29.569347 -3.483763 0.004000
v -29.468653 -3.470237 0.004000
v -29.578289 -3.417185 0.004000
v -29.477711 -3.402815 0.004000
v -29.588236 -3.351554 0.004000
v -29.487764 -3.336446 0.004000
v -29.598244 -3.284499 0.004000
v -29.497757 -3.269501 0.004000
v -29.608187 -3.217865 0.004000
v -29.507812 -3.202135 0.004000
v -29.619316 -3.149997 0.004000
v -29.518684 -3.136003 0.004000
v -29.629503 -3.064490 0.004000
v -29.528498 -3.053510 0.004000
v -29.639585 -2.963662 0.004000
v -29.538414 -2.954338 0.004000
v -29.649639 -2.846035 0.004000
v -29.548361 -2.837965 0.004000
v -29.659777 -2.709518 0.004000
v -29.558222 -2.706482 0.004000
v -29.658768 -2.539207 0.004000
v -29.557232 -2.542793 0.004000
v -29.646637 -2.335926 0.004000
v -29.545364 -2.344074 0.004000
v -29.623486 -2.100357 0.004000
v -29.522514 -2.111643 0.004000
v -29.590160 -1.830963 0.004000
v -29.489840 -1.847037 0.004000
v -29.539383 -1.576087 0.004000
v -29.440617 -1.599913 0.004000
v -29.471172 -1.337872 0.004000
v -29.374828 -1.370128 0.004000
v -29.385494 -1.116533 0.004000
v -29.292505 -1.157467 0.004000
v -29.284048 -0.912521 0.004000
v -29.193951 -0.959479 0.004000
v -29.174255 -0.711058 0.004000
v -29.085745 -0.760942 0.004000
v -29.056522 -0.508800 0.004000
v -28.969477 -0.561200 0.004000
v -28.930674 -0.306438 0.004000
v -28.845327 -0.361562 0.004000
v -28.795572 -0.104804 0.004000
v -28.712427 -0.163196 0.004000
v -28.652122 0.090159 0.004000
v -28.571878 0.027841 0.004000
v -28.500502 0.275140 0.004000
v -28.423498 0.208860 0.004000
v -28.339823 0.452997 0.004000
v -28.266178 0.383003 0.004000
v -28.171700 0.621142 0.004000
v -28.100302 0.548858 0.004000
v -28.012144 0.776682 0.004000
v -27.941856 0.703318 0.004000
v -27.860495 0.919294 0.004000
v -27.791506 0.844706 0.004000
v -27.717869 1.048862 0.004000
v -27.650131 0.973138 0.004000
v -27.584154 1.166489 0.004000
v -27.517845 1.089511 0.004000
v -27.449406 1.280121 0.004000
v -27.384594 1.201879 0.004000
v -27.314608 1.389769 0.004000
v -27.251392 1.310231 0.004000
v -27.179937 1.494293 0.004000
v -27.118063 1.413707 0.004000
v -27.045183 1.596581 0.004000
v -26.986818 1.513419 0.004000
v -26.900049 1.690613 0.004000
v -26.847952 1.603387 0.004000
v -26.746069 1.775260 0.004000
v -26.699932 1.684740 0.004000
v -26.584286 1.851574 0.004000
v -26.543713 1.758426 0.004000
v -26.413187 1.920152 0.004000
v -26.380812 1.823848 0.004000
v -26.223856 1.972627 0.004000
v -26.202145 1.873374 0.004000
v -26.019033 2.006440 0.004000
v -26.006966 1.905560 0.004000
v -25.796909 2.023764 0.004000
v -25.793091 1.922236 0.004000
v -25.561001 2.023800 0.004000
v -25.561001 1.922200 0.004000
v -25.334999 2.023800 0.004000
v -25.334999 1.922200 0.004000
v -25.118000 2.023800 0.004000
v -25.118000 1.922200 0.004000
v -24.909000 2.023800 0.004000
v -24.909000 1.922200 0.004000
v -24.709000 2.023800 0.004000
v -24.709000 1.922200 0.004000
v -24.507999 2.023800 0.004000
v -24.507999 1.922200 0.004000
v -24.306999 2.023800 0.004000
v -24.306999 1.922200 0.004000
v -24.107000 2.023800 0.004000
v -24.107000 1.922200 0.004000
v -23.906000 2.023800 0.004000
v -23.906000 1.922200 0.004000
v -23.705999 2.023800 0.004000
v -23.705999 1.922200 0.004000
v -23.504999 2.023800 0.004000
v -23.504999 1.922200 0.004000
v -23.304001 2.023800 0.004000
v -23.304001 1.922200 0.004000
v -23.104000 2.023800 0.004000
v -23.104000 1.922200 0.004000
v -22.903000 2.023800 0.004000
v -22.903000 1.922200 0.004000
v -22.702000 2.023800 0.004000
v -22.702000 1.922200 0.004000
v -22.502001 2.023800 0.004000
v -22.502001 1.922200 0.004000
v -22.301001 2.023800 0.004000
v -22.301001 1.922200 0.004000
v -22.101000 2.023800 0.004000
v -22.101000 1.922200 0.004000
v -21.900000 2.023800 0.004000
v -21.900000 1.922200 0.004000
v -21.698999 2.023800 0.004000
v -21.698999 1.922200 0.004000
v -21.499001 2.023800 0.004000
v -21.499001 1.922200 0.004000
v -21.298000 2.023800 0.004000
v -21.298000 1.922200 0.004000
v -21.098000 2.023800 0.004000
v -21.098000 1.922200 0.004000
v -20.896999 2.023800 0.004000
v -20.896999 1.922200 0.004000
v -20.695999 2.023800 0.004000
v -20.695999 1.922200 0.004000
v -20.496000 2.023800 0.004000
v -20.496000 1.922200 0.004000
v -20.295000 2.023800 0.004000
v -20.295000 1.922200 0.004000
v -20.094999 2.023800 0.004000
v -20.094999 1.922200 0.004000
v -19.893999 2.023800 0.004000
v -19.893999 1.922200 0.004000
v -19.693001 2.023800 0.004000
v -19.693001 1.922200 0.004000
v -19.493000 2.023800 0.004000
v -19.493000 1.922200 0.004000
v -19.292000 2.023800 0.004000
v -19.292000 1.922200 0.004000
v -19.091000 2.023800 0.004000
v -19.091000 1.922200 0.004000
v -18.891001 2.023800 0.004000
v -18.891001 1.922200 0.004000
v -18.690001 2.023800 0.004000
v -18.690001 1.922200 0.004000
v -18.490000 2.023800 0.004000
v -18.490000 1.922200 0.004000
v -18.289000 2.023800 0.004000
v -18.289000 1.922200 0.004000
v -18.087999 2.023800 0.004000
v -18.087999 1.922200 0.004000
v -17.888000 2.023800 0.004000
v -17.888000 1.922200 0.004000
v -17.687000 2.023800 0.004000
v -17.687000 1.922200 0.004000
v -17.487000 2.023800 0.004000
v -17.487000 1.922200 0.004000
v -17.285999 2.023800 0.004000
v -17.285999 1.922200 0.004000
v -17.084999 2.023800 0.004000
v -17.084999 1.922200 0.004000
v -16.885000 2.023800 0.004000
v -16.885000 1.922200 0.004000
v -16.684000 2.023800 0.004000
v -16.684000 1.922200 0.004000
v -16.483999 2.023800 0.004000
v -16.483999 1.922200 0.004000
v -16.283001 2.023800 0.004000
v -16.283001 1.922200 0.004000
v -16.082001 2.023800 0.004000
v -16.082001 1.922200 0.004000
v -15.882000 2.023800 0.004000
v -15.882000 1.922200 0.004000
v -15.681000 2.023800 0.004000
v -15.681000 1.922200 0.004000
v -15.480000 2.023800 0.004000
v -15.480000 1.922200 0.004000
v -15.280000 2.023800 0.004000
v -15.280000 1.922200 0.004000
v -15.079000 2.023800 0.004000
v -15.079000 1.922200 0.004000
v -14.879000 2.023800 0.004000
v -14.879000 1.922200 0.004000
v -14.678000 2.023800 0.004000
v -14.678000 1.922200 0.004000
v -14.477000 2.023800 0.004000
v -14.477000 1.922200 0.004000
v -14.277000 2.023800 0.004000
v -14.277000 1.922200 0.004000
v -14.076000 2.023800 0.004000
v -14.076000 1.922200 0.004000
v -13.876000 2.023800 0.004000
v -13.876000 1.922200 0.004000
v -13.675000 2.023800 0.004000
v -13.675000 1.922200 0.004000
v -13.474000 2.023800 0.004000
v -13.474000 1.922200 0.004000
v -13.274000 2.023800 0.004000
v -13.274000 1.922200 0.004000
v -13.073000 2.023800 0.004000
v -13.073000 1.922200 0.004000
v -12.873000 2.023800 0.004000
v -12.873000 1.922200 0.004000
v -12.672000 2.023800 0.004000
v -12.672000 1.922200 0.004000
v -12.471000 2.023800 0.004000
v -12.471000 1.922200 0.004000
v -12.271000 2.023800 0.004000
v -12.271000 1.922200 0.004000
v -12.070000 2.023800 0.004000
v -12.070000 1.922200 0.004000
v -11.869000 2.023800 0.004000
v -11.869000 1.922200 0.004000
v -11.669000 2.023800 0.004000
v -11.669000 1.922200 0.004000
v -11.468000 2.023800 0.004000
v -11.468000 1.922200 0.004000
v -11.268000 2.023800 0.004000
v -11.268000 1.922200 0.004000
v -11.067000 2.023800 0.004000
v -11.067000 1.922200 0.004000
v -10.866000 2.023800 0.004000
v -10.866000 1.922200 0.004000
v -10.666000 2.023800 0.004000
v -10.666000 1.922200 0.004000
v -10.465000 2.023800 0.004000
v -10.465000 1.922200 0.004000
v -10.265000 2.023800 0.004000
v -10.265000 1.922200 0.004000
v -10.102000 2.023800 0.004000
v -10.102000 1.922200 0.004000
v -9.976000 2.023800 0.004000
v -9.976000 1.922200 0.004000
v -9.888000 2.023800 0.004000
v -9.888000 1.922200 0.004000
v -9.838000 2.023800 0.004000
v -9.838000 1.922200 0.004000
v -9.801000 2.023800 0.004000
v -9.801000 1.922200 0.004000
v -9.776000 2.023800 0.004000
v -9.776000 1.922200 0.004000
v -9.763000 2.023800 0.004000
v -9.763000 1.922200 0.004000
vn -0.0000 -0.0000 1.0000
s 0
usemtl white_tape
f 5//2 8//2 7//2
f 8//2 9//2 7//2
f 9//2 12//2 11//2
f 12//2 13//2 11//2
f 13//2 16//2 15//2
f 16//2 17//2 15//2
f 17//2 20//2 19//2
f 19//2 22//2 21//2
f 21//2 24//2 23//2
f 23//2 26//2 25//2
f 25//2 28//2 27//2
f 28//2 29//2 27//2
f 30//2 31//2 29//2
f 32//2 33//2 31//2
f 33//2 36//2 35//2
f 36//2 37//2 35//2
f 37//2 40//2 39//2
f 39//2 42//2 41//2
f 41//2 44//2 43//2
f 43//2 46//2 45//2
f 46//2 47//2 45//2
f 48//2 49//2 47//2
f 49//2 52//2 51//2
f 52//2 53//2 51//2
f 54//2 55//2 53//2
f 55//2 58//2 57//2
f 58//2 59//2 57//2
f 59//2 62//2 61//2
f 61//2 64//2 63//2
f 63//2 66//2 65//2
f 66//2 67//2 65//2
f 67//2 70//2 69//2
f 69//2 72//2 71//2
f 72//2 73//2 71//2
f 73//2 76//2 75//2
f 75//2 78//2 77//2
f 77//2 80//2 79//2
f 79//2 82//2 81//2
f 81//2 84//2 83//2
f 84//2 85//2 83//2
f 85//2 88//2 87//2
f 87//2 90//2 89//2
f 89//2 92//2 91//2
f 92//2 93//2 91//2
f 94//2 95//2 93//2
f 95//2 98//2 97//2
f 98//2 99//2 97//2
f 99//2 102//2 101//2
f 102//2 103//2 101//2
f 103//2 106//2 105//2
f 105//2 108//2 107//2
f 107//2 110//2 109//2
f 109//2 112//2 111//2
f 111//2 114//2 113//2
f 114//2 115//2 113//2
f 115//2 118//2 117//2
f 118//2 119//2 117//2
f 119//2 122//2 121//2
f 122//2 123//2 121//2
f 124//2 125//2 123//2
f 125//2 128//2 127//2
f 127//2 130//2 129//2
f 130//2 131//2 129//2
f 131//2 134//2 133//2
f 133//2 136//2 135//2
f 136//2 137//2 135//2
f 137//2 140//2 139//2
f 140//2 141//2 139//2
f 141//2 144//2 143//2
f 144//2 145//2 143//2
f 145//2 148//2 147//2
f 147//2 150//2 149//2
f 150//2 151//2 149//2
f 151//2 154//2 153//2
f 153//2 156//2 155//2
f 156//2 157//2 155//2
f 157//2 160//2 159//2
f 160//2 161//2 159//2
f 161//2 164//2 163//2
f 163//2 166//2 165//2
f 165//2 168//2 167//2
f 168//2 169//2 167//2
f 169//2 172//2 171//2
f 171//2 174//2 173//2
f 173//2 176//2 175//2
f 175//2 178//2 177//2
f 178//2 179//2 177//2
f 179//2 182//2 181//2
f 182//2 183//2 181//2
f 183//2 186//2 185//2
f 186//2 187//2 185//2
f 187//2 190//2 189//2
f 189//2 192//2 191//2
f 192//2 193//2 191//2
f 193//2 196//2 195//2
f 195//2 198//2 197//2
f 197//2 200//2 199//2
f 200//2 201//2 199//2
f 201//2 204//2 203//2
f 204//2 205//2 203//2
f 205//2 208//2 207//2
f 208//2 209//2 207//2
f 209//2 212//2 211//2
f 212//2 213//2 211//2
f 213//2 216//2 215//2
f 216//2 217//2 215//2
f 218//2 219//2 217//2
f 220//2 221//2 219//2
f 221//2 224//2 223//2
f 224//2 225//2 223//2
f 225//2 228//2 227//2
f 227//2 230//2 229//2
f 229//2 232//2 231//2
f 232//2 233//2 231//2
f 233//2 236//2 235//2
f 236//2 237//2 235//2
f 237//2 240//2 239//2
f 240//2 241//2 239//2
f 241//2 244//2 243//2
f 244//2 245//2 243//2
f 245//2 248//2 247//2
f 248//2 249//2 247//2
f 249//2 252//2 251//2
f 251//2 254//2 253//2
f 254//2 255//2 253//2
f 255//2 258//2 257//2
f 257//2 260//2 259//2
f 260//2 261//2 259//2
f 261//2 264//2 263//2
f 264//2 265//2 263//2
f 265//2 268//2 267//2
f 268//2 269//2 267//2
f 269//2 272//2 271//2
f 271//2 274//2 273//2
f 274//2 275//2 273//2
f 276//2 277//2 275//2
f 277//2 280//2 279//2
f 280//2 281//2 279//2
f 281//2 284//2 283//2
f 284//2 285//2 283//2
f 286//2 287//2 285//2
f 287//2 290//2 289//2
f 289//2 292//2 291//2
f 292//2 293//2 291//2
f 293//2 296//2 295//2
f 296//2 297//2 295//2
f 297//2 300//2 299//2
f 299//2 302//2 301//2
f 302//2 303//2 301//2
f 304//2 305//2 303//2
f 305//2 308//2 307//2
f 308//2 309//2 307//2
f 309//2 312//2 311//2
f 312//2 313//2 311//2
f 313//2 316//2 315//2
f 316//2 317//2 315//2
f 317//2 320//2 319//2
f 319//2 322//2 321//2
f 321//2 324//2 323//2
f 323//2 326//2 325//2
f 326//2 327//2 325//2
f 327//2 330//2 329//2
f 329//2 332//2 331//2
f 332//2 333//2 331//2
f 333//2 336//2 335//2
f 336//2 337//2 335//2
f 338//2 339//2 337//2
f 339//2 342//2 341//2
f 342//2 343//2 341//2
f 343//2 346//2 345//2
f 346//2 347//2 345//2
f 348//2 349//2 347//2
f 349//2 352//2 351//2
f 352//2 353//2 351//2
f 353//2 356//2 355//2
f 356//2 357//2 355//2
f 357//2 360//2 359//2
f 359//2 362//2 361//2
f 362//2 363//2 361//2
f 363//2 366//2 365//2
f 366//2 367//2 365//2
f 367//2 370//2 369//2
f 370//2 371//2 369//2
f 372//2 373//2 371//2
f 373//2 376//2 375//2
f 376//2 377//2 375//2
f 378//2 379//2 377//2
f 379//2 382//2 381//2
f 382//2 383//2 381//2
f 383//2 386//2 385//2
f 386//2 387//2 385//2
f 387//2 390//2 389//2
f 390//2 391//2 389//2
f 391//2 394//2 393//2
f 394//2 395//2 393//2
f 395//2 398//2 397//2
f 398//2 399//2 397//2
f 399//2 402//2 401//2
f 402//2 403//2 401//2
f 403//2 406//2 405//2
f 406//2 407//2 405//2
f 408//2 409//2 407//2
f 410//2 411//2 409//2
f 412//2 413//2 411//2
f 414//2 415//2 413//2
f 415//2 418//2 417//2
f 417//2 420//2 419//2
f 420//2 421//2 419//2
f 421//2 424//2 423//2
f 423//2 426//2 425//2
f 426//2 427//2 425//2
f 427//2 430//2 429//2
f 430//2 431//2 429//2
f 431//2 434//2 433//2
f 434//2 435//2 433//2
f 435//2 438//2 437//2
f 438//2 439//2 437//2
f 439//2 442//2 441//2
f 441//2 444//2 443//2
f 444//2 445//2 443//2
f 445//2 448//2 447//2
f 448//2 449//2 447//2
f 449//2 452//2 451//2
f 452//2 453//2 451//2
f 454//2 455//2 453//2
f 455//2 458//2 457//2
f 457//2 460//2 459//2
f 460//2 461//2 459//2
f 461//2 464//2 463//2
f 463//2 466//2 465//2
f 466//2 467//2 465//2
f 468//2 469//2 467//2
f 469//2 472//2 471//2
f 472//2 473//2 471//2
f 473//2 476//2 475//2
f 476//2 477//2 475//2
f 477//2 480//2 479//2
f 480//2 481//2 479//2
f 481//2 484//2 483//2
f 484//2 485//2 483//2
f 485//2 488//2 487//2
f 488//2 489//2 487//2
f 490//2 491//2 489//2
f 491//2 494//2 493//2
f 493//2 496//2 495//2
f 495//2 498//2 497//2
f 498//2 499//2 497//2
f 500//2 501//2 499//2
f 502//2 503//2 501//2
f 504//2 505//2 503//2
f 506//2 507//2 505//2
f 507//2 510//2 509//2
f 509//2 512//2 511//2
f 512//2 513//2 511//2
f 513//2 516//2 515//2
f 516//2 517//2 515//2
f 517//2 520//2 519//2
f 520//2 521//2 519//2
f 522//2 523//2 521//2
f 523//2 526//2 525//2
f 526//2 527//2 525//2
f 527//2 530//2 529//2
f 530//2 531//2 529//2
f 531//2 534//2 533//2
f 534//2 535//2 533//2
f 535//2 538//2 537//2
f 538//2 539//2 537//2
f 539//2 542//2 541//2
f 542//2 543//2 541//2
f 543//2 546//2 545//2
f 546//2 547//2 545//2
f 547//2 550//2 549//2
f 550//2 551//2 549//2
f 551//2 554//2 553//2
f 554//2 555//2 553//2
f 556//2 557//2 555//2
f 557//2 560//2 559//2
f 560//2 561//2 559//2
f 562//2 563//2 561//2
f 563//2 566//2 565//2
f 566//2 567//2 565//2
f 567//2 570//2 569//2
f 570//2 571//2 569//2
f 571//2 574//2 573//2
f 574//2 575//2 573//2
f 575//2 578//2 577//2
f 577//2 580//2 579//2
f 580//2 581//2 579//2
f 581//2 584//2 583//2
f 584//2 585//2 583//2
f 585//2 588//2 587//2
f 588//2 589//2 587//2
f 590//2 591//2 589//2
f 591//2 594//2 593//2
f 594//2 595//2 593//2
f 595//2 598//2 597//2
f 598//2 599//2 597//2
f 600//2 601//2 599//2
f 601//2 604//2 603//2
f 604//2 605//2 603//2
f 605//2 608//2 607//2
f 608//2 609//2 607//2
f 610//2 611//2 609//2
f 612//2 613//2 611//2
f 613//2 616//2 615//2
f 616//2 617//2 615//2
f 617//2 620//2 619//2
f 620//2 621//2 619//2
f 622//2 623//2 621//2
f 623//2 626//2 625//2
f 625//2 628//2 627//2
f 628//2 629//2 627//2
f 629//2 632//2 631//2
f 631//2 634//2 633//2
f 634//2 635//2 633//2
f 635//2 638//2 637//2
f 638//2 639//2 637//2
f 639//2 642//2 641//2
f 642//2 643//2 641//2
f 643//2 646//2 645//2
f 645//2 648//2 647//2
f 648//2 649//2 647//2
f 649//2 652//2 651//2
f 651//2 654//2 653//2
f 654//2 655//2 653//2
f 655//2 658//2 657//2
f 657//2 660//2 659//2
f 659//2 662//2 661//2
f 661//2 664//2 663//2
f 664//2 665//2 663//2
f 666//2 667//2 665//2
f 667//2 670//2 669//2
f 669//2 672//2 671//2
f 672//2 673//2 671//2
f 673//2 676//2 675//2
f 675//2 678//2 677//2
f 678//2 679//2 677//2
f 679//2 682//2 681//2
f 682//2 683//2 681//2
f 683//2 686//2 685//2
f 685//2 688//2 687//2
f 687//2 690//2 689//2
f 690//2 691//2 689//2
f 691//2 694//2 693//2
f 694//2 695//2 693//2
f 696//2 697//2 695//2
f 697//2 700//2 699//2
f 700//2 701//2 699//2
f 701//2 704//2 703//2
f 704//2 705//2 703//2
f 705//2 708//2 707//2
f 707//2 710//2 709//2
f 709//2 712//2 711//2
f 712//2 713//2 711//2
f 713//2 716//2 715//2
f 716//2 717//2 715//2
f 717//2 720//2 719//2
f 719//2 722//2 721//2
f 722//2 723//2 721//2
f 723//2 726//2 725//2
f 726//2 727//2 725//2
f 727//2 730//2 729//2
f 730//2 731//2 729//2
f 732//2 733//2 731//2
f 733//2 736//2 735//2
f 735//2 738//2 737//2
f 738//2 739//2 737//2
f 739//2 742//2 741//2
f 742//2 743//2 741//2
f 743//2 746//2 745//2
f 746//2 747//2 745//2
f 747//2 750//2 749//2
f 749//2 752//2 751//2
f 751//2 754//2 753//2
f 753//2 756//2 755//2
f 756//2 757//2 755//2
f 757//2 760//2 759//2
f 760//2 761//2 759//2
f 761//2 764//2 763//2
f 764//2 765//2 763//2
f 765//2 768//2 767//2
f 768//2 769//2 767//2
f 769//2 772//2 771//2
f 771//2 774//2 773//2
f 774//2 775//2 773//2
f 775//2 778//2 777//2
f 778//2 779//2 777//2
f 780//2 781//2 779//2
f 781//2 784//2 783//2
f 784//2 785//2 783//2
f 785//2 788//2 787//2
f 787//2 790//2 789//2
f 790//2 791//2 789//2
f 792//2 793//2 791//2
f 793//2 796//2 795//2
f 796//2 797//2 795//2
f 798//2 799//2 797//2
f 799//2 802//2 801//2
f 802//2 803//2 801//2
f 803//2 806//2 805//2
f 805//2 808//2 807//2
f 808//2 809//2 807//2
f 810//2 811//2 809//2
f 811//2 814//2 813//2
f 813//2 816//2 815//2
f 815//2 818//2 817//2
f 818//2 819//2 817//2
f 819//2 822//2 821//2
f 822//2 823//2 821//2
f 823//2 826//2 825//2
f 825//2 828//2 827//2
f 828//2 829//2 827//2
f 829//2 832//2 831//2
f 832//2 833//2 831//2
f 833//2 836//2 835//2
f 835//2 838//2 837//2
f 838//2 839//2 837//2
f 839//2 842//2 841//2
f 841//2 844//2 843//2
f 843//2 846//2 845//2
f 846//2 847//2 845//2
f 847//2 850//2 849//2
f 850//2 851//2 849//2
f 851//2 854//2 853//2
f 853//2 856//2 855//2
f 856//2 857//2 855//2
f 857//2 860//2 859//2
f 860//2 861//2 859//2
f 861//2 864//2 863//2
f 864//2 865//2 863//2
f 865//2 868//2 867//2
f 868//2 869//2 867//2
f 869//2 872//2 871//2
f 872//2 873//2 871//2
f 873//2 876//2 875//2
f 876//2 877//2 875//2
f 877//2 880//2 879//2
f 880//2 881//2 879//2
f 881//2 884//2 883//2
f 884//2 885//2 883//2
f 885//2 888//2 887//2
f 888//2 889//2 887//2
f 889//2 892//2 891//2
f 891//2 894//2 893//2
f 894//2 895//2 893//2
f 896//2 897//2 895//2
f 897//2 900//2 899//2
f 900//2 901//2 899//2
f 902//2 903//2 901//2
f 904//2 905//2 903//2
f 905//2 908//2 907//2
f 908//2 909//2 907//2
f 910//2 911//2 909//2
f 911//2 914//2 913//2
f 914//2 915//2 913//2
f 915//2 918//2 917//2
f 918//2 919//2 917//2
f 919//2 922//2 921//2
f 921//2 924//2 923//2
f 923//2 926//2 925//2
f 926//2 927//2 925//2
f 927//2 930//2 929//2
f 930//2 931//2 929//2
f 931//2 934//2 933//2
f 934//2 935//2 933//2
f 936//2 937//2 935//2
f 937//2 940//2 939//2
f 940//2 941//2 939//2
f 942//2 943//2 941//2
f 943//2 946//2 945//2
f 946//2 947//2 945//2
f 947//2 950//2 949//2
f 949//2 952//2 951//2
f 951//2 954//2 953//2
f 954//2 955//2 953//2
f 956//2 957//2 955//2
f 958//2 959//2 957//2
f 960//2 961//2 959//2
f 961//2 964//2 963//2
f 964//2 965//2 963//2
f 966//2 967//2 965//2
f 967//2 970//2 969//2
f 969//2 972//2 971//2
f 972//2 973//2 971//2
f 973//2 976//2 975//2
f 976//2 977//2 975//2
f 978//2 979//2 977//2
f 979//2 982//2 981//2
f 982//2 983//2 981//2
f 984//2 985//2 983//2
f 986//2 987//2 985//2
f 987//2 990//2 989//2
f 990//2 991//2 989//2
f 992//2 993//2 991//2
f 994//2 995//2 993//2
f 995//2 998//2 997//2
f 997//2 1000//2 999//2
f 999//2 1002//2 1001//2
f 1002//2 1003//2 1001//2
f 1004//2 1005//2 1003//2
f 1006//2 1007//2 1005//2
f 1007//2 1010//2 1009//2
f 1009//2 1012//2 1011//2
f 1011//2 1014//2 1013//2
f 1013//2 1016//2 1015//2
f 1016//2 1017//2 1015//2
f 1017//2 1020//2 1019//2
f 1020//2 1021//2 1019//2
f 1021//2 1024//2 1023//2
f 1024//2 1025//2 1023//2
f 1026//2 1027//2 1025//2
f 1027//2 1030//2 1029//2
f 1030//2 1031//2 1029//2
f 1031//2 1034//2 1033//2
f 1034//2 1035//2 1033//2
f 1035//2 1038//2 1037//2
f 1038//2 1039//2 1037//2
f 1040//2 1041//2 1039//2
f 1042//2 1043//2 1041//2
f 1043//2 1046//2 1045//2
f 1045//2 1048//2 1047//2
f 1048//2 1049//2 1047//2
f 1050//2 1051//2 1049//2
f 1052//2 1053//2 1051//2
f 1054//2 1055//2 1053//2
f 1056//2 1057//2 1055//2
f 1058//2 1059//2 1057//2
f 1060//2 1061//2 1059//2
f 1062//2 1063//2 1061//2
f 1064//2 1065//2 1063//2
f 1066//2 1067//2 1065//2
f 1068//2 1069//2 1067//2
f 1070//2 1071//2 1069//2
f 1072//2 1073//2 1071//2
f 1074//2 1075//2 1073//2
f 1076//2 1077//2 1075//2
f 1078//2 1079//2 1077//2
f 1080//2 1081//2 1079//2
f 1082//2 1083//2 1081//2
f 1084//2 1085//2 1083//2
f 1086//2 1087//2 1085//2
f 1088//2 1089//2 1087//2
f 1090//2 1091//2 1089//2
f 1092//2 1093//2 1091//2
f 1094//2 1095//2 1093//2
f 1096//2 1097//2 1095//2
f 1098//2 1099//2 1097//2
f 1100//2 1101//2 1099//2
f 1102//2 1103//2 1101//2
f 1104//2 1105//2 1103//2
f 1106//2 1107//2 1105//2
f 1108//2 1109//2 1107//2
f 1110//2 1111//2 1109//2
f 1112//2 1113//2 1111//2
f 1114//2 1115//2 1113//2
f 1116//2 1117//2 1115//2
f 1118//2 1119//2 1117//2
f 1120//2 1121//2 1119//2
f 1122//2 1123//2 1121//2
f 1124//2 1125//2 1123//2
f 1126//2 1127//2 1125//2
f 1128//2 1129//2 1127//2
f 1130//2 1131//2 1129//2
f 1132//2 1133//2 1131//2
f 1134//2 1135//2 1133//2
f 1136//2 1137//2 1135//2
f 1138//2 1139//2 1137//2
f 1140//2 1141//2 1139//2
f 1142//2 1143//2 1141//2
f 1144//2 1145//2 1143//2
f 1146//2 1147//2 1145//2
f 1148//2 1149//2 1147//2
f 1150//2 1151//2 1149//2
f 1152//2 1153//2 1151//2
f 1154//2 1155//2 1153//2
f 1156//2 1157//2 1155//2
f 1158//2 1159//2 1157//2
f 1160//2 1161//2 1159//2
f 1162//2 1163//2 1161//2
f 1164//2 1165//2 1163//2
f 1166//2 1167//2 1165//2
f 1168//2 1169//2 1167//2
f 1170//2 1171//2 1169//2
f 1172//2 1173//2 1171//2
f 1174//2 1175//2 1173//2
f 1176//2 1177//2 1175//2
f 1178//2 1179//2 1177//2
f 1180//2 1181//2 1179//2
f 1182//2 1183//2 1181//2
f 1184//2 1185//2 1183//2
f 1186//2 1187//2 1185//2
f 1188//2 1189//2 1187//2
f 1190//2 1191//2 1189//2
f 1192//2 1193//2 1191//2
f 1194//2 1195//2 1193//2
f 1196//2 1197//2 1195//2
f 1198//2 1199//2 1197//2
f 1200//2 1201//2 1199//2
f 1202//2 1203//2 1201//2
f 1204//2 1205//2 1203//2
f 1206//2 1207//2 1205//2
f 1208//2 1209//2 1207//2
f 1210//2 1211//2 1209//2
f 1212//2 1213//2 1211//2
f 1214//2 1215//2 1213//2
f 1216//2 1217//2 1215//2
f 1218//2 1219//2 1217//2
f 5//2 6//2 8//2
f 8//2 10//2 9//2
f 9//2 10//2 12//2
f 12//2 14//2 13//2
f 13//2 14//2 16//2
f 16//2 18//2 17//2
f 17//2 18//2 20//2
f 19//2 20//2 22//2
f 21//2 22//2 24//2
f 23//2 24//2 26//2
f 25//2 26//2 28//2
f 28//2 30//2 29//2
f 30//2 32//2 31//2
f 32//2 34//2 33//2
f 33//2 34//2 36//2
f 36//2 38//2 37//2
f 37//2 38//2 40//2
f 39//2 40//2 42//2
f 41//2 42//2 44//2
f 43//2 44//2 46//2
f 46//2 48//2 47//2
f 48//2 50//2 49//2
f 49//2 50//2 52//2
f 52//2 54//2 53//2
f 54//2 56//2 55//2
f 55//2 56//2 58//2
f 58//2 60//2 59//2
f 59//2 60//2 62//2
f 61//2 62//2 64//2
f 63//2 64//2 66//2
f 66//2 68//2 67//2
f 67//2 68//2 70//2
f 69//2 70//2 72//2
f 72//2 74//2 73//2
f 73//2 74//2 76//2
f 75//2 76//2 78//2
f 77//2 78//2 80//2
f 79//2 80//2 82//2
f 81//2 82//2 84//2
f 84//2 86//2 85//2
f 85//2 86//2 88//2
f 87//2 88//2 90//2
f 89//2 90//2 92//2
f 92//2 94//2 93//2
f 94//2 96//2 95//2
f 95//2 96//2 98//2
f 98//2 100//2 99//2
f 99//2 100//2 102//2
f 102//2 104//2 103//2
f 103//2 104//2 106//2
f 105//2 106//2 108//2
f 107//2 108//2 110//2
f 109//2 110//2 112//2
f 111//2 112//2 114//2
f 114//2 116//2 115//2
f 115//2 116//2 118//2
f 118//2 120//2 119//2
f 119//2 120//2 122//2
f 122//2 124//2 123//2
f 124//2 126//2 125//2
f 125//2 126//2 128//2
f 127//2 128//2 130//2
f 130//2 132//2 131//2
f 131//2 132//2 134//2
f 133//2 134//2 136//2
f 136//2 138//2 137//2
f 137//2 138//2 140//2
f 140//2 142//2 141//2
f 141//2 142//2 144//2
f 144//2 146//2 145//2
f 145//2 146//2 148//2
f 147//2 148//2 150//2
f 150//2 152//2 151//2
f 151//2 152//2 154//2
f 153//2 154//2 156//2
f 156//2 158//2 157//2
f 157//2 158//2 160//2
f 160//2 162//2 161//2
f 161//2 162//2 164//2
f 163//2 164//2 166//2
f 165//2 166//2 168//2
f 168//2 170//2 169//2
f 169//2 170//2 172//2
f 171//2 172//2 174//2
f 173//2 174//2 176//2
f 175//2 176//2 178//2
f 178//2 180//2 179//2
f 179//2 180//2 182//2
f 182//2 184//2 183//2
f 183//2 184//2 186//2
f 186//2 188//2 187//2
f 187//2 188//2 190//2
f 189//2 190//2 192//2
f 192//2 194//2 193//2
f 193//2 194//2 196//2
f 195//2 196//2 198//2
f 197//2 198//2 200//2
f 200//2 202//2 201//2
f 201//2 202//2 204//2
f 204//2 206//2 205//2
f 205//2 206//2 208//2
f 208//2 210//2 209//2
f 209//2 210//2 212//2
f 212//2 214//2 213//2
f 213//2 214//2 216//2
f 216//2 218//2 217//2
f 218//2 220//2 219//2
f 220//2 222//2 221//2
f 221//2 222//2 224//2
f 224//2 226//2 225//2
f 225//2 226//2 228//2
f 227//2 228//2 230//2
f 229//2 230//2 232//2
f 232//2 234//2 233//2
f 233//2 234//2 236//2
f 236//2 238//2 237//2
f 237//2 238//2 240//2
f 240//2 242//2 241//2
f 241//2 242//2 244//2
f 244//2 246//2 245//2
f 245//2 246//2 248//2
f 248//2 250//2 249//2
f 249//2 250//2 252//2
f 251//2 252//2 254//2
f 254//2 256//2 255//2
f 255//2 256//2 258//2
f 257//2 258//2 260//2
f 260//2 262//2 261//2
f 261//2 262//2 264//2
f 264//2 266//2 265//2
f 265//2 266//2 268//2
f 268//2 270//2 269//2
f 269//2 270//2 272//2
f 271//2 272//2 274//2
f 274//2 276//2 275//2
f 276//2 278//2 277//2
f 277//2 278//2 280//2
f 280//2 282//2 281//2
f 281//2 282//2 284//2
f 284//2 286//2 285//2
f 286//2 288//2 287//2
f 287//2 288//2 290//2
f 289//2 290//2 292//2
f 292//2 294//2 293//2
f 293//2 294//2 296//2
f 296//2 298//2 297//2
f 297//2 298//2 300//2
f 299//2 300//2 302//2
f 302//2 304//2 303//2
f 304//2 306//2 305//2
f 305//2 306//2 308//2
f 308//2 310//2 309//2
f 309//2 310//2 312//2
f 312//2 314//2 313//2
f 313//2 314//2 316//2
f 316//2 318//2 317//2
f 317//2 318//2 320//2
f 319//2 320//2 322//2
f 321//2 322//2 324//2
f 323//2 324//2 326//2
f 326//2 328//2 327//2
f 327//2 328//2 330//2
f 329//2 330//2 332//2
f 332//2 334//2 333//2
f 333//2 334//2 336//2
f 336//2 338//2 337//2
f 338//2 340//2 339//2
f 339//2 340//2 342//2
f 342//2 344//2 343//2
f 343//2 344//2 346//2
f 346//2 348//2 347//2
f 348//2 350//2 349//2
f 349//2 350//2 352//2
f 352//2 354//2 353//2
f 353//2 354//2 356//2
f 356//2 358//2 357//2
f 357//2 358//2 360//2
f 359//2 360//2 362//2
f 362//2 364//2 363//2
f 363//2 364//2 366//2
f 366//2 368//2 367//2
f 367//2 368//2 370//2
f 370//2 372//2 371//2
f 372//2 374//2 373//2
f 373//2 374//2 376//2
f 376//2 378//2 377//2
f 378//2 380//2 379//2
f 379//2 380//2 382//2
f 382//2 384//2 383//2
f 383//2 384//2 386//2
f 386//2 388//2 387//2
f 387//2 388//2 390//2
f 390//2 392//2 391//2
f 391//2 392//2 394//2
f 394//2 396//2 395//2
f 395//2 396//2 398//2
f 398//2 400//2 399//2
f 399//2 400//2 402//2
f 402//2 404//2 403//2
f 403//2 404//2 406//2
f 406//2 408//2 407//2
f 408//2 410//2 409//2
f 410//2 412//2 411//2
f 412//2 414//2 413//2
f 414//2 416//2 415//2
f 415//2 416//2 418//2
f 417//2 418//2 420//2
f 420//2 422//2 421//2
f 421//2 422//2 424//2
f 423//2 424//2 426//2
f 426//2 428//2 427//2
f 427//2 428//2 430//2
f 430//2 432//2 431//2
f 431//2 432//2 434//2
f 434//2 436//2 435//2
f 435//2 436//2 438//2
f 438//2 440//2 439//2
f 439//2 440//2 442//2
f 441//2 442//2 444//2
f 444//2 446//2 445//2
f 445//2 446//2 448//2
f 448//2 450//2 449//2
f 449//2 450//2 452//2
f 452//2 454//2 453//2
f 454//2 456//2 455//2
f 455//2 456//2 458//2
f 457//2 458//2 460//2
f 460//2 462//2 461//2
f 461//2 462//2 464//2
f 463//2 464//2 466//2
f 466//2 468//2 467//2
f 468//2 470//2 469//2
f 469//2 470//2 472//2
f 472//2 474//2 473//2
f 473//2 474//2 476//2
f 476//2 478//2 477//2
f 477//2 478//2 480//2
f 480//2 482//2 481//2
f 481//2 482//2 484//2
f 484//2 486//2 485//2
f 485//2 486//2 488//2
f 488//2 490//2 489//2
f 490//2 492//2 491//2
f 491//2 492//2 494//2
f 493//2 494//2 496//2
f 495//2 496//2 498//2
f 498//2 500//2 499//2
f 500//2 502//2 501//2
f 502//2 504//2 503//2
f 504//2 506//2 505//2
f 506//2 508//2 507//2
f 507//2 508//2 510//2
f 509//2 510//2 512//2
f 512//2 514//2 513//2
f 513//2 514//2 516//2
f 516//2 518//2 517//2
f 517//2 518//2 520//2
f 520//2 522//2 521//2
f 522//2 524//2 523//2
f 523//2 524//2 526//2
f 526//2 528//2 527//2
f 527//2 528//2 530//2
f 530//2 532//2 531//2
f 531//2 532//2 534//2
f 534//2 536//2 535//2
f 535//2 536//2 538//2
f 538//2 540//2 539//2
f 539//2 540//2 542//2
f 542//2 544//2 543//2
f 543//2 544//2 546//2
f 546//2 548//2 547//2
f 547//2 548//2 550//2
f 550//2 552//2 551//2
f 551//2 552//2 554//2
f 554//2 556//2 555//2
f 556//2 558//2 557//2
f 557//2 558//2 560//2
f 560//2 562//2 561//2
f 562//2 564//2 563//2
f 563//2 564//2 566//2
f 566//2 568//2 567//2
f 567//2 568//2 570//2
f 570//2 572//2 571//2
f 571//2 572//2 574//2
f 574//2 576//2 575//2
f 575//2 576//2 578//2
f 577//2 578//2 580//2
f 580//2 582//2 581//2
f 581//2 582//2 584//2
f 584//2 586//2 585//2
f 585//2 586//2 588//2
f 588//2 590//2 589//2
f 590//2 592//2 591//2
f 591//2 592//2 594//2
f 594//2 596//2 595//2
f 595//2 596//2 598//2
f 598//2 600//2 599//2
f 600//2 602//2 601//2
f 601//2 602//2 604//2
f 604//2 606//2 605//2
f 605//2 606//2 608//2
f 608//2 610//2 609//2
f 610//2 612//2 611//2
f 612//2 614//2 613//2
f 613//2 614//2 616//2
f 616//2 618//2 617//2
f 617//2 618//2 620//2
f 620//2 622//2 621//2
f 622//2 624//2 623//2
f 623//2 624//2 626//2
f 625//2 626//2 628//2
f 628//2 630//2 629//2
f 629//2 630//2 632//2
f 631//2 632//2 634//2
f 634//2 636//2 635//2
f 635//2 636//2 638//2
f 638//2 640//2 639//2
f 639//2 640//2 642//2
f 642//2 644//2 643//2
f 643//2 644//2 646//2
f 645//2 646//2 648//2
f 648//2 650//2 649//2
f 649//2 650//2 652//2
f 651//2 652//2 654//2
f 654//2 656//2 655//2
f 655//2 656//2 658//2
f 657//2 658//2 660//2
f 659//2 660//2 662//2
f 661//2 662//2 664//2
f 664//2 666//2 665//2
f 666//2 668//2 667//2
f 667//2 668//2 670//2
f 669//2 670//2 672//2
f 672//2 674//2 673//2
f 673//2 674//2 676//2
f 675//2 676//2 678//2
f 678//2 680//2 679//2
f 679//2 680//2 682//2
f 682//2 684//2 683//2
f 683//2 684//2 686//2
f 685//2 686//2 688//2
f 687//2 688//2 690//2
f 690//2 692//2 691//2
f 691//2 692//2 694//2
f 694//2 696//2 695//2
f 696//2 698//2 697//2
f 697//2 698//2 700//2
f 700//2 702//2 701//2
f 701//2 702//2 704//2
f 704//2 706//2 705//2
f 705//2 706//2 708//2
f 707//2 708//2 710//2
f 709//2 710//2 712//2
f 712//2 714//2 713//2
f 713//2 714//2 716//2
f 716//2 718//2 717//2
f 717//2 718//2 720//2
f 719//2 720//2 722//2
f 722//2 724//2 723//2
f 723//2 724//2 726//2
f 726//2 728//2 727//2
f 727//2 728//2 730//2
f 730//2 732//2 731//2
f 732//2 734//2 733//2
f 733//2 734//2 736//2
f 735//2 736//2 738//2
f 738//2 740//2 739//2
f 739//2 740//2 742//2
f 742//2 744//2 743//2
f 743//2 744//2 746//2
f 746//2 748//2 747//2
f 747//2 748//2 750//2
f 749//2 750//2 752//2
f 751//2 752//2 754//2
f 753//2 754//2 756//2
f 756//2 758//2 757//2
f 757//2 758//2 760//2
f 760//2 762//2 761//2
f 761//2 762//2 764//2
f 764//2 766//2 765//2
f 765//2 766//2 768//2
f 768//2 770//2 769//2
f 769//2 770//2 772//2
f 771//2 772//2 774//2
f 774//2 776//2 775//2
f 775//2 776//2 778//2
f 778//2 780//2 779//2
f 780//2 782//2 781//2
f 781//2 782//2 784//2
f 784//2 786//2 785//2
f 785//2 786//2 788//2
f 787//2 788//2 790//2
f 790//2 792//2 791//2
f 792//2 794//2 793//2
f 793//2 794//2 796//2
f 796//2 798//2 797//2
f 798//2 800//2 799//2
f 799//2 800//2 802//2
f 802//2 804//2 803//2
f 803//2 804//2 806//2
f 805//2 806//2 808//2
f 808//2 810//2 809//2
f 810//2 812//2 811//2
f 811//2 812//2 814//2
f 813//2 814//2 816//2
f 815//2 816//2 818//2
f 818//2 820//2 819//2
f 819//2 820//2 822//2
f 822//2 824//2 823//2
f 823//2 824//2 826//2
f 825//2 826//2 828//2
f 828//2 830//2 829//2
f 829//2 830//2 832//2
f 832//2 834//2 833//2
f 833//2 834//2 836//2
f 835//2 836//2 838//2
f 838//2 840//2 839//2
f 839//2 840//2 842//2
f 841//2 842//2 844//2
f 843//2 844//2 846//2
f 846//2 848//2 847//2
f 847//2 848//2 850//2
f 850//2 852//2 851//2
f 851//2 852//2 854//2
f 853//2 854//2 856//2
f 856//2 858//2 857//2
f 857//2 858//2 860//2
f 860//2 862//2 861//2
f 861//2 862//2 864//2
f 864//2 866//2 865//2
f 865//2 866//2 868//2
f 868//2 870//2 869//2
f 869//2 870//2 872//2
f 872//2 874//2 873//2
f 873//2 874//2 876//2
f 876//2 878//2 877//2
f 877//2 878//2 880//2
f 880//2 882//2 881//2
f 881//2 882//2 884//2
f 884//2 886//2 885//2
f 885//2 886//2 888//2
f 888//2 890//2 889//2
f 889//2 890//2 892//2
f 891//2 892//2 894//2
f 894//2 896//2 895//2
f 896//2 898//2 897//2
f 897//2 898//2 900//2
f 900//2 902//2 901//2
f 902//2 904//2 903//2
f 904//2 906//2 905//2
f 905//2 906//2 908//2
f 908//2 910//2 909//2
f 910//2 912//2 911//2
f 911//2 912//2 914//2
f 914//2 916//2 915//2
f 915//2 916//2 918//2
f 918//2 920//2 919//2
f 919//2 920//2 922//2
f 921//2 922//2 924//2
f 923//2 924//2 926//2
f 926//2 928//2 927//2
f 927//2 928//2 930//2
f 930//2 932//2 931//2
f 931//2 932//2 934//2
f 934//2 936//2 935//2
f 936//2 938//2 937//2
f 937//2 938//2 940//2
f 940//2 942//2 941//2
f 942//2 944//2 943//2
f 943//2 944//2 946//2
f 946//2 948//2 947//2
f 947//2 948//2 950//2
f 949//2 950//2 952//2
f 951//2 952//2 954//2
f 954//2 956//2 955//2
f 956//2 958//2 957//2
f 958//2 960//2 959//2
f 960//2 962//2 961//2
f 961//2 962//2 964//2
f 964//2 966//2 965//2
f 966//2 968//2 967//2
f 967//2 968//2 970//2
f 969//2 970//2 972//2
f 972//2 974//2 973//2
f 973//2 974//2 976//2
f 976//2 978//2 977//2
f 978//2 980//2 979//2
f 979//2 980//2 982//2
f 982//2 984//2 983//2
f 984//2 986//2 985//2
f 986//2 988//2 987//2
f 987//2 988//2 990//2
f 990//2 992//2 991//2
f 992//2 994//2 993//2
f 994//2 996//2 995//2
f 995//2 996//2 998//2
f 997//2 998//2 1000//2
f 999//2 1000//2 1002//2
f 1002//2 1004//2 1003//2
f 1004//2 1006//2 1005//2
f 1006//2 1008//2 1007//2
f 1007//2 1008//2 1010//2
f 1009//2 1010//2 1012//2
f 1011//2 1012//2 1014//2
f 1013//2 1014//2 1016//2
f 1016//2 1018//2 1017//2
f 1017//2 1018//2 1020//2
f 1020//2 1022//2 1021//2
f 1021//2 1022//2 1024//2
f 1024//2 1026//2 1025//2
f 1026//2 1028//2 1027//2
f 1027//2 1028//2 1030//2
f 1030//2 1032//2 1031//2
f 1031//2 1032//2 1034//2
f 1034//2 1036//2 1035//2
f 1035//2 1036//2 1038//2
f 1038//2 1040//2 1039//2
f 1040//2 1042//2 1041//2
f 1042//2 1044//2 1043//2
f 1043//2 1044//2 1046//2
f 1045//2 1046//2 1048//2
f 1048//2 1050//2 1049//2
f 1050//2 1052//2 1051//2
f 1052//2 1054//2 1053//2
f 1054//2 1056//2 1055//2
f 1056//2 1058//2 1057//2
f 1058//2 1060//2 1059//2
f 1060//2 1062//2 1061//2
f 1062//2 1064//2 1063//2
f 1064//2 1066//2 1065//2
f 1066//2 1068//2 1067//2
f 1068//2 1070//2 1069//2
f 1070//2 1072//2 1071//2
f 1072//2 1074//2 1073//2
f 1074//2 1076//2 1075//2
f 1076//2 1078//2 1077//2
f 1078//2 1080//2 1079//2
f 1080//2 1082//2 1081//2
f 1082//2 1084//2 1083//2
f 1084//2 1086//2 1085//2
f 1086//2 1088//2 1087//2
f 1088//2 1090//2 1089//2
f 1090//2 1092//2 1091//2
f 1092//2 1094//2 1093//2
f 1094//2 1096//2 1095//2
f 1096//2 1098//2 1097//2
f 1098//2 1100//2 1099//2
f 1100//2 1102//2 1101//2
f 1102//2 1104//2 1103//2
f 1104//2 1106//2 1105//2
f 1106//2 1108//2 1107//2
f 1108//2 1110//2 1109//2
f 1110//2 1112//2 1111//2
f 1112//2 1114//2 1113//2
f 1114//2 1116//2 1115//2
f 1116//2 1118//2 1117//2
f 1118//2 1120//2 1119//2
f 1120//2 1122//2 1121//2
f 1122//2 1124//2 1123//2
f 1124//2 1126//2 1125//2
f 1126//2 1128//2 1127//2
f 1128//2 1130//2 1129//2
f 1130//2 1132//2 1131//2
f 1132//2 1134//2 1133//2
f 1134//2 1136//2 1135//2
f 1136//2 1138//2 1137//2
f 1138//2 1140//2 1139//2
f 1140//2 1142//2 1141//2
f 1142//2 1144//2 1143//2
f 1144//2 1146//2 1145//2
f 1146//2 1148//2 1147//2
f 1148//2 1150//2 1149//2
f 1150//2 1152//2 1151//2
f 1152//2 1154//2 1153//2
f 1154//2 1156//2 1155//2
f 1156//2 1158//2 1157//2
f 1158//2 1160//2 1159//2
f 1160//2 1162//2 1161//2
f 1162//2 1164//2 1163//2
f 1164//2 1166//2 1165//2
f 1166//2 1168//2 1167//2
f 1168//2 1170//2 1169//2
f 1170//2 1172//2 1171//2
f 1172//2 1174//2 1173//2
f 1174//2 1176//2 1175//2
f 1176//2 1178//2 1177//2
f 1178//2 1180//2 1179//2
f 1180//2 1182//2 1181//2
f 1182//2 1184//2 1183//2
f 1184//2 1186//2 1185//2
f 1186//2 1188//2 1187//2
f 1188//2 1190//2 1189//2
f 1190//2 1192//2 1191//2
f 1192//2 1194//2 1193//2
f 1194//2 1196//2 1195//2
f 1196//2 1198//2 1197//2
f 1198//2 1200//2 1199//2
f 1200//2 1202//2 1201//2
f 1202//2 1204//2 1203//2
f 1204//2 1206//2 1205//2
f 1206//2 1208//2 1207//2
f 1208//2 1210//2 1209//2
f 1210//2 1212//2 1211//2
f 1212//2 1214//2 1213//2
f 1214//2 1216//2 1215//2
f 1216//2 1218//2 1217//2
f 1218//2 1220//2 1219//2
o lane_tape_2
v -21.763351 -34.980736 0.004000
v -21.702648 -34.899265 0.004000
v -21.814180 -34.942863 0.004000
v -21.753820 -34.861137 0.004000
v -21.916222 -34.867832 0.004000
v -21.855778 -34.786167 0.004000
v -22.068186 -34.754860 0.004000
v -22.007814 -34.673141 0.004000
v -22.274328 -34.603188 0.004000
v -22.209671 -34.524815 0.004000
v -22.435442 -34.451332 0.004000
v -22.360558 -34.382668 0.004000
v -22.550423 -34.301365 0.004000
v -22.463577 -34.248634 0.004000
v -22.617006 -34.150383 0.004000
v -22.518993 -34.123619 0.004000
v -22.631527 -34.009254 0.004000
v -22.530472 -33.998745 0.004000
v -22.644468 -33.892788 0.004000
v -22.543531 -33.881210 0.004000
v -22.656374 -33.792572 0.004000
v -22.555626 -33.779430 0.004000
v -22.668213 -33.710697 0.004000
v -22.567787 -33.695301 0.004000
v -22.679068 -33.644592 0.004000
v -22.578932 -33.627407 0.004000
v -22.690939 -33.578316 0.004000
v -22.591063 -33.559685 0.004000
v -22.703726 -33.512390 0.004000
v -22.604275 -33.491608 0.004000
v -22.718573 -33.446098 0.004000
v -22.619427 -33.423901 0.004000
v -22.733574 -33.379097 0.004000
v -22.634426 -33.356903 0.004000
v -22.748554 -33.312180 0.004000
v -22.649445 -33.289822 0.004000
v -22.763634 -33.245823 0.004000
v -22.664366 -33.224178 0.004000
v -22.777725 -33.178391 0.004000
v -22.678274 -33.157608 0.004000
v -22.791573 -33.112099 0.004000
v -22.692427 -33.089901 0.004000
v -22.807060 -33.047180 0.004000
v -22.708939 -33.020821 0.004000
v -22.826370 -32.982521 0.004000
v -22.729630 -32.951477 0.004000
v -22.848595 -32.917759 0.004000
v -22.753405 -32.882240 0.004000
v -22.875240 -32.851685 0.004000
v -22.780760 -32.814316 0.004000
v -22.901192 -32.784805 0.004000
v -22.806808 -32.747192 0.004000
v -22.928068 -32.719112 0.004000
v -22.833931 -32.680889 0.004000
v -22.954996 -32.652290 0.004000
v -22.861004 -32.613712 0.004000
v -22.982996 -32.585289 0.004000
v -22.889004 -32.546711 0.004000
v -23.009996 -32.518288 0.004000
v -22.916004 -32.479713 0.004000
v -23.038118 -32.450989 0.004000
v -22.943882 -32.413013 0.004000
v -23.064240 -32.383686 0.004000
v -22.969761 -32.346313 0.004000
v -23.091118 -32.316986 0.004000
v -22.996881 -32.279015 0.004000
v -23.118069 -32.250111 0.004000
v -23.023932 -32.211891 0.004000
v -23.145191 -32.183807 0.004000
v -23.050810 -32.146194 0.004000
v -23.171240 -32.116684 0.004000
v -23.076761 -32.079315 0.004000
v -23.198238 -32.049683 0.004000
v -23.103762 -32.012318 0.004000
v -23.224478 -31.982071 0.004000
v -23.129522 -31.945930 0.004000
v -23.249710 -31.914446 0.004000
v -23.154289 -31.879555 0.004000
v -23.273825 -31.847132 0.004000
v -23.178175 -31.812868 0.004000
v -23.297783 -31.780245 0.004000
v -23.202217 -31.745754 0.004000
v -23.321669 -31.714561 0.004000
v -23.226332 -31.679438 0.004000
v -23.346594 -31.647758 0.004000
v -23.251406 -31.612242 0.004000
v -23.371477 -31.581070 0.004000
v -23.276522 -31.544930 0.004000
v -23.397360 -31.514378 0.004000
v -23.302641 -31.477621 0.004000
v -23.423239 -31.447683 0.004000
v -23.328760 -31.410316 0.004000
v -23.450117 -31.380987 0.004000
v -23.355883 -31.343012 0.004000
v -23.476995 -31.314289 0.004000
v -23.383005 -31.275711 0.004000
v -23.504944 -31.247414 0.004000
v -23.411057 -31.208588 0.004000
v -23.532068 -31.181110 0.004000
v -23.437931 -31.142891 0.004000
v -23.559238 -31.113684 0.004000
v -23.464760 -31.076317 0.004000
v -23.585360 -31.046379 0.004000
v -23.490641 -31.009623 0.004000
v -23.611238 -30.979685 0.004000
v -23.516760 -30.942316 0.004000
v -23.638239 -30.912685 0.004000
v -23.543760 -30.875315 0.004000
v -23.664240 -30.845684 0.004000
v -23.569761 -30.808315 0.004000
v -23.691118 -30.778988 0.004000
v -23.596882 -30.741013 0.004000
v -23.718069 -30.712111 0.004000
v -23.623932 -30.673889 0.004000
v -23.745068 -30.646111 0.004000
v -23.650932 -30.607889 0.004000
v -23.771996 -30.579288 0.004000
v -23.678005 -30.540710 0.004000
v -23.799871 -30.512589 0.004000
v -23.706129 -30.473412 0.004000
v -23.827995 -30.445290 0.004000
v -23.734005 -30.406712 0.004000
v -23.855118 -30.377987 0.004000
v -23.760881 -30.340014 0.004000
v -23.882238 -30.310684 0.004000
v -23.787762 -30.273315 0.004000
v -23.908432 -30.243189 0.004000
v -23.813568 -30.206812 0.004000
v -23.933552 -30.176876 0.004000
v -23.838449 -30.141125 0.004000
v -23.958477 -30.110069 0.004000
v -23.863522 -30.073931 0.004000
v -23.984360 -30.043379 0.004000
v -23.889641 -30.006622 0.004000
v -24.010477 -29.976070 0.004000
v -23.915522 -29.939930 0.004000
v -24.035595 -29.908760 0.004000
v -23.940405 -29.873241 0.004000
v -24.060711 -29.841446 0.004000
v -23.965290 -29.806555 0.004000
v -24.084936 -29.773813 0.004000
v -23.989063 -29.740187 0.004000
v -24.108229 -29.705956 0.004000
v -24.011770 -29.674046 0.004000
v -24.129337 -29.639627 0.004000
v -24.032663 -29.608372 0.004000
v -24.151264 -29.572847 0.004000
v -24.054735 -29.541151 0.004000
v -24.173370 -29.505522 0.004000
v -24.076630 -29.474478 0.004000
v -24.194475 -29.438194 0.004000
v -24.097525 -29.407806 0.004000
v -24.215576 -29.370863 0.004000
v -24.118423 -29.341137 0.004000
v -24.235678 -29.303532 0.004000
v -24.138323 -29.274469 0.004000
v -24.255678 -29.236530 0.004000
v -24.158323 -29.207470 0.004000
v -24.275845 -29.168957 0.004000
v -24.178154 -29.141045 0.004000
v -24.294035 -29.102274 0.004000
v -24.195965 -29.075727 0.004000
v -24.312061 -29.035179 0.004000
v -24.213940 -29.008820 0.004000
v -24.330151 -28.967838 0.004000
v -24.231850 -28.942162 0.004000
v -24.347240 -28.900494 0.004000
v -24.248760 -28.875505 0.004000
v -24.364410 -28.832800 0.004000
v -24.265589 -28.809200 0.004000
v -24.379574 -28.765099 0.004000
v -24.280428 -28.742903 0.004000
v -24.394726 -28.697390 0.004000
v -24.295275 -28.676609 0.004000
v -24.407925 -28.629385 0.004000
v -24.308075 -28.610615 0.004000
v -24.419992 -28.563021 0.004000
v -24.320007 -28.544979 0.004000
v -24.432068 -28.495594 0.004000
v -24.331932 -28.478407 0.004000
v -24.443188 -28.427866 0.004000
v -24.342813 -28.412134 0.004000
v -24.453188 -28.360865 0.004000
v -24.352812 -28.345135 0.004000
v -24.464243 -28.293499 0.004000
v -24.363756 -28.278502 0.004000
v -24.473349 -28.225763 0.004000
v -24.372652 -28.212236 0.004000
v -24.482342 -28.158813 0.004000
v -24.381659 -28.145187 0.004000
v -24.491436 -28.092068 0.004000
v -24.390564 -28.079933 0.004000
v -24.498526 -28.024279 0.004000
v -24.397474 -28.013721 0.004000
v -24.505526 -27.957279 0.004000
v -24.404474 -27.946722 0.004000
v -24.512526 -27.890278 0.004000
v -24.411474 -27.879721 0.004000
v -24.519562 -27.822905 0.004000
v -24.418438 -27.813095 0.004000
v -24.525597 -27.755531 0.004000
v -24.424402 -27.746468 0.004000
v -24.531597 -27.688530 0.004000
v -24.430403 -27.679470 0.004000
v -24.537626 -27.621187 0.004000
v -24.436373 -27.612812 0.004000
v -24.542627 -27.555187 0.004000
v -24.441372 -27.546812 0.004000
v -24.548658 -27.487782 0.004000
v -24.447340 -27.480219 0.004000
v -24.552687 -27.420404 0.004000
v -24.451315 -27.413595 0.004000
v -24.557686 -27.353403 0.004000
v -24.456314 -27.346596 0.004000
v -24.561686 -27.286404 0.004000
v -24.460314 -27.279596 0.004000
v -24.566710 -27.219027 0.004000
v -24.465290 -27.212973 0.004000
v -24.569765 -27.150894 0.004000
v -24.468235 -27.147106 0.004000
v -24.571787 -27.083145 0.004000
v -24.470213 -27.080854 0.004000
v -24.572798 -27.016382 0.004000
v -24.471201 -27.015617 0.004000
v -24.572798 -26.948622 0.004000
v -24.471201 -26.949379 0.004000
v -24.571798 -26.881620 0.004000
v -24.470201 -26.882380 0.004000
v -24.571795 -26.814241 0.004000
v -24.470205 -26.815758 0.004000
v -24.569777 -26.746485 0.004000
v -24.468222 -26.749516 0.004000
v -24.567778 -26.679483 0.004000
v -24.466223 -26.682516 0.004000
v -24.565786 -26.612854 0.004000
v -24.464212 -26.615145 0.004000
v -24.564787 -26.546854 0.004000
v -24.463213 -26.549145 0.004000
v -24.562777 -26.479485 0.004000
v -24.461222 -26.482515 0.004000
v -24.560778 -26.412485 0.004000
v -24.459223 -26.415516 0.004000
v -24.558794 -26.346241 0.004000
v -24.457205 -26.347759 0.004000
v -24.558798 -26.279621 0.004000
v -24.457201 -26.280378 0.004000
v -24.557798 -26.212622 0.004000
v -24.456202 -26.213379 0.004000
v -24.557798 -26.145620 0.004000
v -24.456202 -26.146379 0.004000
v -24.556787 -26.077854 0.004000
v -24.455214 -26.080145 0.004000
v -24.554764 -26.011091 0.004000
v -24.453236 -26.014910 0.004000
v -24.551748 -25.943727 0.004000
v -24.450251 -25.948273 0.004000
v -24.548710 -25.875973 0.004000
v -24.447290 -25.882027 0.004000
v -24.543631 -25.807844 0.004000
v -24.442369 -25.816156 0.004000
v -24.537598 -25.740469 0.004000
v -24.436403 -25.749531 0.004000
v -24.531525 -25.672722 0.004000
v -24.430475 -25.683279 0.004000
v -24.523441 -25.604977 0.004000
v -24.422558 -25.617023 0.004000
v -24.515390 -25.537560 0.004000
v -24.414610 -25.550442 0.004000
v -24.506390 -25.471560 0.004000
v -24.405609 -25.484442 0.004000
v -24.498348 -25.404238 0.004000
v -24.397652 -25.417763 0.004000
v -24.488243 -25.336500 0.004000
v -24.387756 -25.351500 0.004000
v -24.478188 -25.269135 0.004000
v -24.377813 -25.284864 0.004000
v -24.467005 -25.201044 0.004000
v -24.366995 -25.218956 0.004000
v -24.453871 -25.133324 0.004000
v -24.354130 -25.152676 0.004000
v -24.440800 -25.065966 0.004000
v -24.341200 -25.086033 0.004000
v -24.426710 -24.998535 0.004000
v -24.327290 -25.019464 0.004000
v -24.412634 -24.932177 0.004000
v -24.313366 -24.953823 0.004000
v -24.397573 -24.864901 0.004000
v -24.298428 -24.887098 0.004000
v -24.382650 -24.798254 0.004000
v -24.283350 -24.819746 0.004000
v -24.368727 -24.731609 0.004000
v -24.269274 -24.752390 0.004000
v -24.354799 -24.664967 0.004000
v -24.255201 -24.685034 0.004000
v -24.341869 -24.598324 0.004000
v -24.242130 -24.617676 0.004000
v -24.328856 -24.531254 0.004000
v -24.229143 -24.550747 0.004000
v -24.315857 -24.465254 0.004000
v -24.216145 -24.484747 0.004000
v -24.302870 -24.398323 0.004000
v -24.203131 -24.417677 0.004000
v -24.289869 -24.331324 0.004000
v -24.190130 -24.350677 0.004000
v -24.276798 -24.263966 0.004000
v -24.177200 -24.284035 0.004000
v -24.262726 -24.196609 0.004000
v -24.163275 -24.217390 0.004000
v -24.248726 -24.129610 0.004000
v -24.149275 -24.150391 0.004000
v -24.234650 -24.062254 0.004000
v -24.135349 -24.083746 0.004000
v -24.219475 -23.994469 0.004000
v -24.120525 -24.017532 0.004000
v -24.203304 -23.927767 0.004000
v -24.104694 -23.952234 0.004000
v -24.186239 -23.860506 0.004000
v -24.087761 -23.885492 0.004000
v -24.169060 -23.792820 0.004000
v -24.070940 -23.819180 0.004000
v -24.149967 -23.725479 0.004000
v -24.052032 -23.752522 0.004000
v -24.132061 -23.658819 0.004000
v -24.033939 -23.685181 0.004000
v -24.114151 -23.592163 0.004000
v -24.015848 -23.617838 0.004000
v -24.097326 -23.525852 0.004000
v -23.998674 -23.550148 0.004000
v -24.081305 -23.458767 0.004000
v -23.982695 -23.483234 0.004000
v -24.064304 -23.392767 0.004000
v -23.965694 -23.417233 0.004000
v -24.048492 -23.326550 0.004000
v -23.949507 -23.349449 0.004000
v -24.033573 -23.259901 0.004000
v -23.934427 -23.282099 0.004000
v -24.018574 -23.192902 0.004000
v -23.919428 -23.215097 0.004000
v -24.003572 -23.125902 0.004000
v -23.904427 -23.148098 0.004000
v -23.988493 -23.058550 0.004000
v -23.889507 -23.081450 0.004000
v -23.972473 -22.991468 0.004000
v -23.873526 -23.014530 0.004000
v -23.957474 -22.925468 0.004000
v -23.858526 -22.948532 0.004000
v -23.941492 -22.858551 0.004000
v -23.842506 -22.881451 0.004000
v -23.926573 -22.791901 0.004000
v -23.827427 -22.814098 0.004000
v -23.911573 -22.724901 0.004000
v -23.812428 -22.747099 0.004000
v -23.896650 -22.658255 0.004000
v -23.797350 -22.679745 0.004000
v -23.882727 -22.591610 0.004000
v -23.783274 -22.612391 0.004000
v -23.868799 -22.524965 0.004000
v -23.769201 -22.545034 0.004000
v -23.855927 -22.458616 0.004000
v -23.756075 -22.477385 0.004000
v -23.843992 -22.392979 0.004000
v -23.744007 -22.411020 0.004000
v -23.831869 -22.325323 0.004000
v -23.732130 -22.344677 0.004000
v -23.817726 -22.257610 0.004000
v -23.718273 -22.278391 0.004000
v -23.803650 -22.190254 0.004000
v -23.704350 -22.211744 0.004000
v -23.788651 -22.123255 0.004000
v -23.689350 -22.144745 0.004000
v -23.774651 -22.056253 0.004000
v -23.675350 -22.077745 0.004000
v -23.759573 -21.988901 0.004000
v -23.660427 -22.011099 0.004000
v -23.744555 -21.921824 0.004000
v -23.645445 -21.944178 0.004000
v -23.729555 -21.855824 0.004000
v -23.630445 -21.878178 0.004000
v -23.714573 -21.788902 0.004000
v -23.615427 -21.811098 0.004000
v -23.699493 -21.721550 0.004000
v -23.600508 -21.744450 0.004000
v -23.683493 -21.654551 0.004000
v -23.584507 -21.677450 0.004000
v -23.668493 -21.587551 0.004000
v -23.569508 -21.610451 0.004000
v -23.652411 -21.520201 0.004000
v -23.553589 -21.543798 0.004000
v -23.636410 -21.453199 0.004000
v -23.537590 -21.476801 0.004000
v -23.620390 -21.386116 0.004000
v -23.521610 -21.409883 0.004000
v -23.604391 -21.320116 0.004000
v -23.505610 -21.343884 0.004000
v -23.588326 -21.252851 0.004000
v -23.489674 -21.277147 0.004000
v -23.571239 -21.185507 0.004000
v -23.472761 -21.210493 0.004000
v -23.554239 -21.118507 0.004000
v -23.455761 -21.143494 0.004000
v -23.537151 -21.051163 0.004000
v -23.438848 -21.076838 0.004000
v -23.519060 -20.983820 0.004000
v -23.420940 -21.010181 0.004000
v -23.500942 -20.916386 0.004000
v -23.403059 -20.943615 0.004000
v -23.481941 -20.850386 0.004000
v -23.384058 -20.877615 0.004000
v -23.464060 -20.783819 0.004000
v -23.365940 -20.810181 0.004000
v -23.446152 -20.717161 0.004000
v -23.347849 -20.742838 0.004000
v -23.429411 -20.651201 0.004000
v -23.330589 -20.674799 0.004000
v -23.414574 -20.584902 0.004000
v -23.315428 -20.607098 0.004000
v -23.399572 -20.517902 0.004000
v -23.300426 -20.540098 0.004000
v -23.384493 -20.450550 0.004000
v -23.285507 -20.473450 0.004000
v -23.368475 -20.383469 0.004000
v -23.269526 -20.406530 0.004000
v -23.353474 -20.317469 0.004000
v -23.254526 -20.340532 0.004000
v -23.337410 -20.250200 0.004000
v -23.238590 -20.273800 0.004000
v -23.321239 -20.182507 0.004000
v -23.222761 -20.207495 0.004000
v -23.303150 -20.115162 0.004000
v -23.204849 -20.140839 0.004000
v -23.286060 -20.047819 0.004000
v -23.187939 -20.074181 0.004000
v -23.266968 -19.980480 0.004000
v -23.169033 -20.007521 0.004000
v -23.249151 -19.914162 0.004000
v -23.150848 -19.939838 0.004000
v -23.232218 -19.847418 0.004000
v -23.133783 -19.872581 0.004000
v -23.215218 -19.781418 0.004000
v -23.116783 -19.806581 0.004000
v -23.198240 -19.714506 0.004000
v -23.099760 -19.739494 0.004000
v -23.181150 -19.647161 0.004000
v -23.082850 -19.672838 0.004000
v -23.163061 -19.579821 0.004000
v -23.064939 -19.606180 0.004000
v -23.144968 -19.512480 0.004000
v -23.047033 -19.539520 0.004000
v -23.125874 -19.445141 0.004000
v -23.028128 -19.472860 0.004000
v -23.106846 -19.378044 0.004000
v -23.009155 -19.405956 0.004000
v -23.087646 -19.311369 0.004000
v -22.990353 -19.340631 0.004000
v -23.066475 -19.243807 0.004000
v -22.969524 -19.274193 0.004000
v -23.045576 -19.177137 0.004000
v -22.948423 -19.206863 0.004000
v -23.025677 -19.110470 0.004000
v -22.928322 -19.139530 0.004000
v -23.005678 -19.043470 0.004000
v -22.908323 -19.072531 0.004000
v -22.985777 -18.976803 0.004000
v -22.888224 -19.005196 0.004000
v -22.966873 -18.910141 0.004000
v -22.869127 -18.937860 0.004000
v -22.947748 -18.842707 0.004000
v -22.850252 -18.871294 0.004000
v -22.927647 -18.776369 0.004000
v -22.830353 -18.805632 0.004000
v -22.907578 -18.709137 0.004000
v -22.810423 -18.738863 0.004000
v -22.886578 -18.642138 0.004000
v -22.789423 -18.671862 0.004000
v -22.866577 -18.575138 0.004000
v -22.769423 -18.604862 0.004000
v -22.845577 -18.508137 0.004000
v -22.748423 -18.537863 0.004000
v -22.825678 -18.441469 0.004000
v -22.728323 -18.470531 0.004000
v -22.805475 -18.373806 0.004000
v -22.708525 -18.404194 0.004000
v -22.783337 -18.306372 0.004000
v -22.686663 -18.337627 0.004000
v -22.762230 -18.240044 0.004000
v -22.665771 -18.271955 0.004000
v -22.739048 -18.172506 0.004000
v -22.642952 -18.205494 0.004000
v -22.716047 -18.105507 0.004000
v -22.619953 -18.138494 0.004000
v -22.693157 -18.038828 0.004000
v -22.596844 -18.071173 0.004000
v -22.671370 -17.972477 0.004000
v -22.574629 -18.003523 0.004000
v -22.650475 -17.905807 0.004000
v -22.553526 -17.936193 0.004000
v -22.629545 -17.839035 0.004000
v -22.532454 -17.868965 0.004000
v -22.609547 -17.773035 0.004000
v -22.512455 -17.802965 0.004000
v -22.588577 -17.706137 0.004000
v -22.491423 -17.735863 0.004000
v -22.568577 -17.639137 0.004000
v -22.471422 -17.668863 0.004000
v -22.547577 -17.572136 0.004000
v -22.450422 -17.601864 0.004000
v -22.527576 -17.505136 0.004000
v -22.430424 -17.534863 0.004000
v -22.506577 -17.438137 0.004000
v -22.409424 -17.467863 0.004000
v -22.486576 -17.371136 0.004000
v -22.389423 -17.400864 0.004000
v -22.465546 -17.304035 0.004000
v -22.368454 -17.333965 0.004000
v -22.445648 -17.238369 0.004000
v -22.348352 -17.267630 0.004000
v -22.425678 -17.171471 0.004000
v -22.328321 -17.200531 0.004000
v -22.405678 -17.104469 0.004000
v -22.308323 -17.133532 0.004000
v -22.385872 -17.038141 0.004000
v -22.288128 -17.065859 0.004000
v -22.368326 -16.972853 0.004000
v -22.269674 -16.997147 0.004000
v -22.353651 -16.907255 0.004000
v -22.254349 -16.928745 0.004000
v -22.339800 -16.840965 0.004000
v -22.240200 -16.861034 0.004000
v -22.326925 -16.774614 0.004000
v -22.227074 -16.793385 0.004000
v -22.314926 -16.708616 0.004000
v -22.215075 -16.727385 0.004000
v -22.301870 -16.641325 0.004000
v -22.202129 -16.660675 0.004000
v -22.288870 -16.574324 0.004000
v -22.189131 -16.593678 0.004000
v -22.275869 -16.507324 0.004000
v -22.176130 -16.526676 0.004000
v -22.262938 -16.440683 0.004000
v -22.163061 -16.459316 0.004000
v -22.251068 -16.374407 0.004000
v -22.150932 -16.391594 0.004000
v -22.240129 -16.307770 0.004000
v -22.139872 -16.324230 0.004000
v -22.229177 -16.241077 0.004000
v -22.128822 -16.256924 0.004000
v -22.219234 -16.175446 0.004000
v -22.118765 -16.190554 0.004000
v -22.209297 -16.108868 0.004000
v -22.108704 -16.123133 0.004000
v -22.200348 -16.042236 0.004000
v -22.099651 -16.055763 0.004000
v -22.191347 -15.975237 0.004000
v -22.090652 -15.988763 0.004000
v -22.182396 -15.908607 0.004000
v -22.081604 -15.921393 0.004000
v -22.174484 -15.842349 0.004000
v -22.073515 -15.853651 0.004000
v -22.167521 -15.775682 0.004000
v -22.066479 -15.786318 0.004000
v -22.160559 -15.710058 0.004000
v -22.059441 -15.719942 0.004000
v -22.154629 -15.643844 0.004000
v -22.053370 -15.652156 0.004000
v -22.149685 -15.577596 0.004000
v -22.048315 -15.584405 0.004000
v -22.145731 -15.511349 0.004000
v -22.044270 -15.516651 0.004000
v -22.142776 -15.445484 0.004000
v -22.041224 -15.448516 0.004000
v -22.141798 -15.379622 0.004000
v -22.040201 -15.380379 0.004000
v -22.141798 -15.313379 0.004000
v -22.040201 -15.312621 0.004000
v -22.142765 -15.247909 0.004000
v -22.041235 -15.244091 0.004000
v -22.146708 -15.183050 0.004000
v -22.045292 -15.176950 0.004000
v -22.150709 -15.116027 0.004000
v -22.049290 -15.109973 0.004000
v -22.154686 -15.049404 0.004000
v -22.053314 -15.042596 0.004000
v -22.159630 -14.983156 0.004000
v -22.058371 -14.974844 0.004000
v -22.165525 -14.917278 0.004000
v -22.064474 -14.906721 0.004000
v -22.173395 -14.851394 0.004000
v -22.072603 -14.838607 0.004000
v -22.182188 -14.785865 0.004000
v -22.081812 -14.770135 0.004000
v -22.193855 -14.720747 0.004000
v -22.094143 -14.701253 0.004000
v -22.207710 -14.655466 0.004000
v -22.108290 -14.634534 0.004000
v -22.221725 -14.588390 0.004000
v -22.122274 -14.567610 0.004000
v -22.235800 -14.521033 0.004000
v -22.136200 -14.500966 0.004000
v -22.248871 -14.453676 0.004000
v -22.149130 -14.434324 0.004000
v -22.261799 -14.387034 0.004000
v -22.162201 -14.366965 0.004000
v -22.275650 -14.320745 0.004000
v -22.176350 -14.299255 0.004000
v -22.290390 -14.254883 0.004000
v -22.191610 -14.231116 0.004000
v -22.307217 -14.189582 0.004000
v -22.208782 -14.164418 0.004000
v -22.324060 -14.123180 0.004000
v -22.225941 -14.096819 0.004000
v -22.342775 -14.057196 0.004000
v -22.245224 -14.028804 0.004000
v -22.362474 -13.991194 0.004000
v -22.265526 -13.960807 0.004000
v -22.384264 -13.924849 0.004000
v -22.287735 -13.893151 0.004000
v -22.406048 -13.858494 0.004000
v -22.309952 -13.825506 0.004000
v -22.429710 -13.792446 0.004000
v -22.334290 -13.757554 0.004000
v -22.454432 -13.726189 0.004000
v -22.359568 -13.689812 0.004000
v -22.480068 -13.661111 0.004000
v -22.385931 -13.622890 0.004000
v -22.507746 -13.594885 0.004000
v -22.414253 -13.555116 0.004000
v -22.536621 -13.528178 0.004000
v -22.443380 -13.487822 0.004000
v -22.565493 -13.461471 0.004000
v -22.472507 -13.420529 0.004000
v -22.595234 -13.395047 0.004000
v -22.502766 -13.352953 0.004000
v -22.626104 -13.328332 0.004000
v -22.533895 -13.285668 0.004000
v -22.657104 -13.261332 0.004000
v -22.564896 -13.218668 0.004000
v -22.688175 -13.194179 0.004000
v -22.595825 -13.151822 0.004000
v -22.718176 -13.128178 0.004000
v -22.625824 -13.085822 0.004000
v -22.749365 -13.060760 0.004000
v -22.656635 -13.019240 0.004000
v -22.778492 -12.993471 0.004000
v -22.685507 -12.952529 0.004000
v -22.808493 -12.926471 0.004000
v -22.715508 -12.885530 0.004000
v -22.837620 -12.859179 0.004000
v -22.744379 -12.818821 0.004000
v -22.866493 -12.792471 0.004000
v -22.773508 -12.751530 0.004000
v -22.896364 -12.725760 0.004000
v -22.803635 -12.684240 0.004000
v -22.926043 -12.659464 0.004000
v -22.833958 -12.616536 0.004000
v -22.957775 -12.594028 0.004000
v -22.866224 -12.549973 0.004000
v -22.989973 -12.526614 0.004000
v -22.898027 -12.483386 0.004000
v -23.021235 -12.459047 0.004000
v -22.928764 -12.416953 0.004000
v -23.051620 -12.391179 0.004000
v -22.958380 -12.350821 0.004000
v -23.080118 -12.322989 0.004000
v -22.985882 -12.285012 0.004000
v -23.106239 -12.255684 0.004000
v -23.011761 -12.218316 0.004000
v -23.133192 -12.188806 0.004000
v -23.038809 -12.151195 0.004000
v -23.159191 -12.122806 0.004000
v -23.064810 -12.085195 0.004000
v -23.186117 -12.055988 0.004000
v -23.091883 -12.018012 0.004000
v -23.213240 -11.988684 0.004000
v -23.118761 -11.951316 0.004000
v -23.239239 -11.921684 0.004000
v -23.144760 -11.884316 0.004000
v -23.266117 -11.854988 0.004000
v -23.171883 -11.817012 0.004000
v -23.293118 -11.787988 0.004000
v -23.198883 -11.750012 0.004000
v -23.320240 -11.720684 0.004000
v -23.225761 -11.683316 0.004000
v -23.346312 -11.653498 0.004000
v -23.251688 -11.616502 0.004000
v -23.372313 -11.587498 0.004000
v -23.277687 -11.550502 0.004000
v -23.398478 -11.520069 0.004000
v -23.303522 -11.483931 0.004000
v -23.423595 -11.452759 0.004000
v -23.328405 -11.417241 0.004000
v -23.448595 -11.385759 0.004000
v -23.353405 -11.350241 0.004000
v -23.473709 -11.318447 0.004000
v -23.378290 -11.283553 0.004000
v -23.497824 -11.251131 0.004000
v -23.402176 -11.216868 0.004000
v -23.521824 -11.184131 0.004000
v -23.426176 -11.149869 0.004000
v -23.545668 -11.117562 0.004000
v -23.450333 -11.082438 0.004000
v -23.570551 -11.051877 0.004000
v -23.475449 -11.016124 0.004000
v -23.595594 -10.984759 0.004000
v -23.500404 -10.949241 0.004000
v -23.620594 -10.917759 0.004000
v -23.525406 -10.882241 0.004000
v -23.645477 -10.851070 0.004000
v -23.550522 -10.814930 0.004000
v -23.671360 -10.784378 0.004000
v -23.576641 -10.747622 0.004000
v -23.697359 -10.717379 0.004000
v -23.602640 -10.680622 0.004000
v -23.723433 -10.650188 0.004000
v -23.628569 -10.613811 0.004000
v -23.748550 -10.583876 0.004000
v -23.653450 -10.548124 0.004000
v -23.773710 -10.516446 0.004000
v -23.678289 -10.481554 0.004000
v -23.797825 -10.449131 0.004000
v -23.702175 -10.414868 0.004000
v -23.821825 -10.382132 0.004000
v -23.726175 -10.347869 0.004000
v -23.845825 -10.315131 0.004000
v -23.750175 -10.280869 0.004000
v -23.869823 -10.248131 0.004000
v -23.774176 -10.213869 0.004000
v -23.893824 -10.181131 0.004000
v -23.798176 -10.146869 0.004000
v -23.917784 -10.114244 0.004000
v -23.822216 -10.079756 0.004000
v -23.941551 -10.048876 0.004000
v -23.846449 -10.013124 0.004000
v -23.967360 -9.982378 0.004000
v -23.872641 -9.945621 0.004000
v -23.993359 -9.915379 0.004000
v -23.898642 -9.878622 0.004000
v -24.019117 -9.848988 0.004000
v -23.924883 -9.811012 0.004000
v -24.046871 -9.782588 0.004000
v -23.953129 -9.743412 0.004000
v -24.074747 -9.715884 0.004000
v -23.981253 -9.676115 0.004000
v -24.103621 -9.649179 0.004000
v -24.010380 -9.608821 0.004000
v -24.132565 -9.582307 0.004000
v -24.039434 -9.541694 0.004000
v -24.161566 -9.516306 0.004000
v -24.068436 -9.475694 0.004000
v -24.190872 -9.448588 0.004000
v -24.097128 -9.409412 0.004000
v -24.218119 -9.380988 0.004000
v -24.123882 -9.343012 0.004000
v -24.244995 -9.314289 0.004000
v -24.151005 -9.275711 0.004000
v -24.272995 -9.247290 0.004000
v -24.179005 -9.208711 0.004000
v -24.299871 -9.180588 0.004000
v -24.206129 -9.141412 0.004000
v -24.328621 -9.114179 0.004000
v -24.235380 -9.073821 0.004000
v -24.357693 -9.047011 0.004000
v -24.264307 -9.006989 0.004000
v -24.385818 -8.980713 0.004000
v -24.292181 -8.941287 0.004000
v -24.413996 -8.913288 0.004000
v -24.320004 -8.874711 0.004000
v -24.441118 -8.845987 0.004000
v -24.346882 -8.808012 0.004000
v -24.468119 -8.778988 0.004000
v -24.373882 -8.741012 0.004000
v -24.495239 -8.711684 0.004000
v -24.400761 -8.674315 0.004000
v -24.521358 -8.644379 0.004000
v -24.426641 -8.607622 0.004000
v -24.547432 -8.577188 0.004000
v -24.452568 -8.540812 0.004000
v -24.572552 -8.510876 0.004000
v -24.477449 -8.475124 0.004000
v -24.597477 -8.444070 0.004000
v -24.502523 -8.407930 0.004000
v -24.623478 -8.377070 0.004000
v -24.528522 -8.340930 0.004000
v -24.648594 -8.309759 0.004000
v -24.553406 -8.274241 0.004000
v -24.673359 -8.243379 0.004000
v -24.578640 -8.206622 0.004000
v -24.700239 -8.176684 0.004000
v -24.605761 -8.139316 0.004000
v -24.726118 -8.109988 0.004000
v -24.631882 -8.072012 0.004000
v -24.753819 -8.043714 0.004000
v -24.660181 -8.004287 0.004000
v -24.781818 -7.977713 0.004000
v -24.688181 -7.938287 0.004000
v -24.809872 -7.910588 0.004000
v -24.716129 -7.871412 0.004000
v -24.837996 -7.843289 0.004000
v -24.744005 -7.804711 0.004000
v -24.865118 -7.775988 0.004000
v -24.770882 -7.738012 0.004000
v -24.892118 -7.708988 0.004000
v -24.797882 -7.671012 0.004000
v -24.919117 -7.641988 0.004000
v -24.824883 -7.604012 0.004000
v -24.946117 -7.574988 0.004000
v -24.851883 -7.537012 0.004000
v -24.973068 -7.508110 0.004000
v -24.878931 -7.469890 0.004000
v -25.000191 -7.441805 0.004000
v -24.905809 -7.404195 0.004000
v -25.026478 -7.374070 0.004000
v -24.931522 -7.337930 0.004000
v -25.051710 -7.306446 0.004000
v -24.956289 -7.271554 0.004000
v -25.075937 -7.238814 0.004000
v -24.980062 -7.205186 0.004000
v -25.098936 -7.171814 0.004000
v -25.003063 -7.138186 0.004000
v -25.122824 -7.105131 0.004000
v -25.027176 -7.070869 0.004000
v -25.146667 -7.038562 0.004000
v -25.051332 -7.003438 0.004000
v -25.171551 -6.972876 0.004000
v -25.076448 -6.937124 0.004000
v -25.196594 -6.905759 0.004000
v -25.101406 -6.870241 0.004000
v -25.221594 -6.838759 0.004000
v -25.126406 -6.803241 0.004000
v -25.246595 -6.771760 0.004000
v -25.151405 -6.736240 0.004000
v -25.271595 -6.704760 0.004000
v -25.176405 -6.669240 0.004000
v -25.296595 -6.637759 0.004000
v -25.201405 -6.602241 0.004000
v -25.321478 -6.571069 0.004000
v -25.226522 -6.534931 0.004000
v -25.347313 -6.504498 0.004000
v -25.252687 -6.467502 0.004000
v -25.373312 -6.438498 0.004000
v -25.278688 -6.401502 0.004000
v -25.399359 -6.371378 0.004000
v -25.304642 -6.334622 0.004000
v -25.425360 -6.304378 0.004000
v -25.330641 -6.267622 0.004000
v -25.451239 -6.237684 0.004000
v -25.356760 -6.200316 0.004000
v -25.478239 -6.170685 0.004000
v -25.383760 -6.133316 0.004000
v -25.504240 -6.103684 0.004000
v -25.409761 -6.066316 0.004000
v -25.531118 -6.036987 0.004000
v -25.436882 -5.999012 0.004000
v -25.558191 -5.969806 0.004000
v -25.463810 -5.932194 0.004000
v -25.584190 -5.903805 0.004000
v -25.489809 -5.866195 0.004000
v -25.611238 -5.836684 0.004000
v -25.516760 -5.799316 0.004000
v -25.637360 -5.769378 0.004000
v -25.542641 -5.732622 0.004000
v -25.663359 -5.702378 0.004000
v -25.568642 -5.665622 0.004000
v -25.689478 -5.635070 0.004000
v -25.594522 -5.598930 0.004000
v -25.714594 -5.567759 0.004000
v -25.619406 -5.532241 0.004000
v -25.739595 -5.500759 0.004000
v -25.644405 -5.465241 0.004000
v -25.764433 -5.434188 0.004000
v -25.669567 -5.397811 0.004000
v -25.790312 -5.368498 0.004000
v -25.695688 -5.331502 0.004000
v -25.816595 -5.300759 0.004000
v -25.721405 -5.265241 0.004000
v -25.840937 -5.232814 0.004000
v -25.745064 -5.199186 0.004000
v -25.864048 -5.165494 0.004000
v -25.767952 -5.132505 0.004000
v -25.887371 -5.097522 0.004000
v -25.790628 -5.066478 0.004000
v -25.907776 -5.029196 0.004000
v -25.810225 -5.000804 0.004000
v -25.927034 -4.961273 0.004000
v -25.828964 -4.934727 0.004000
v -25.944391 -4.893883 0.004000
v -25.845610 -4.870117 0.004000
v -25.959726 -4.825390 0.004000
v -25.860273 -4.804609 0.004000
v -25.972870 -4.757677 0.004000
v -25.873131 -4.738323 0.004000
v -25.985870 -4.690676 0.004000
v -25.886129 -4.671324 0.004000
v -25.998871 -4.623676 0.004000
v -25.899130 -4.604324 0.004000
v -26.011869 -4.556676 0.004000
v -25.912130 -4.537323 0.004000
v -26.024870 -4.489676 0.004000
v -25.925131 -4.470324 0.004000
v -26.037926 -4.422384 0.004000
v -25.938074 -4.403615 0.004000
v -26.049994 -4.356020 0.004000
v -25.950006 -4.337979 0.004000
v -26.062004 -4.288956 0.004000
v -25.961996 -4.271044 0.004000
v -26.074171 -4.220974 0.004000
v -25.973829 -4.205026 0.004000
v -26.086409 -4.135301 0.004000
v -25.985592 -4.122699 0.004000
v -26.097517 -4.034355 0.004000
v -25.996483 -4.023645 0.004000
v -26.109589 -3.916635 0.004000
v -26.008411 -3.907365 0.004000
v -26.120348 -3.784763 0.004000
v -26.019651 -3.771237 0.004000
v -26.144442 -3.655666 0.004000
v -26.045557 -3.632334 0.004000
v -26.181139 -3.527227 0.004000
v -26.084862 -3.494773 0.004000
v -26.231556 -3.397325 0.004000
v -26.138443 -3.356675 0.004000
v -26.297056 -3.262139 0.004000
v -26.202944 -3.223861 0.004000
v -26.343229 -3.121538 0.004000
v -26.244772 -3.096462 0.004000
v -26.368523 -2.981298 0.004000
v -26.267477 -2.970702 0.004000
v -26.372740 -2.839539 0.004000
v -26.271259 -2.844461 0.004000
v -26.355125 -2.699744 0.004000
v -26.254875 -2.716256 0.004000
v -26.329258 -2.574578 0.004000
v -26.230742 -2.599422 0.004000
v -26.294708 -2.460546 0.004000
v -26.199293 -2.495454 0.004000
v -26.250181 -2.358778 0.004000
v -26.159819 -2.405222 0.004000
v -26.195641 -2.268520 0.004000
v -26.114361 -2.329480 0.004000
v -26.121998 -2.188253 0.004000
v -26.054003 -2.263747 0.004000
v -26.030924 -2.119922 0.004000
v -25.977076 -2.206078 0.004000
v -25.924192 -2.064386 0.004000
v -25.883808 -2.157614 0.004000
v -25.801579 -2.020337 0.004000
v -25.772421 -2.117663 0.004000
v -25.666538 -1.987104 0.004000
v -25.647461 -2.086896 0.004000
v -25.520290 -1.966476 0.004000
v -25.509708 -2.067524 0.004000
v -25.362734 -1.955230 0.004000
v -25.359266 -2.056770 0.004000
v -25.193001 -1.955200 0.004000
v -25.193001 -2.056800 0.004000
v -25.018000 -1.955200 0.004000
v -25.018000 -2.056800 0.004000
v -24.834000 -1.955200 0.004000
v -24.834000 -2.056800 0.004000
v -24.642000 -1.955200 0.004000
v -24.642000 -2.056800 0.004000
v -24.441000 -1.955200 0.004000
v -24.441000 -2.056800 0.004000
v -24.240000 -1.955200 0.004000
v -24.240000 -2.056800 0.004000
v -24.040001 -1.955200 0.004000
v -24.040001 -2.056800 0.004000
v -23.839001 -1.955200 0.004000
v -23.839001 -2.056800 0.004000
v -23.639000 -1.955200 0.004000
v -23.639000 -2.056800 0.004000
v -23.438000 -1.955200 0.004000
v -23.438000 -2.056800 0.004000
v -23.237000 -1.955200 0.004000
v -23.237000 -2.056800 0.004000
v -23.037001 -1.955200 0.004000
v -23.037001 -2.056800 0.004000
v -22.836000 -1.955200 0.004000
v -22.836000 -2.056800 0.004000
v -22.636000 -1.955200 0.004000
v -22.636000 -2.056800 0.004000
v -22.434999 -1.955200 0.004000
v -22.434999 -2.056800 0.004000
v -22.233999 -1.955200 0.004000
v -22.233999 -2.056800 0.004000
v -22.034000 -1.955200 0.004000
v -22.034000 -2.056800 0.004000
v -21.833000 -1.955200 0.004000
v -21.833000 -2.056800 0.004000
v -21.632999 -1.955200 0.004000
v -21.632999 -2.056800 0.004000
v -21.431999 -1.955200 0.004000
v -21.431999 -2.056800 0.004000
v -21.231001 -1.955200 0.004000
v -21.231001 -2.056800 0.004000
v -21.031000 -1.955200 0.004000
v -21.031000 -2.056800 0.004000
v -20.830000 -1.955200 0.004000
v -20.830000 -2.056800 0.004000
v -20.629000 -1.955200 0.004000
v -20.629000 -2.056800 0.004000
v -20.429001 -1.955200 0.004000
v -20.429001 -2.056800 0.004000
v -20.228001 -1.955200 0.004000
v -20.228001 -2.056800 0.004000
v -20.028000 -1.955200 0.004000
v -20.028000 -2.056800 0.004000
v -19.827000 -1.955200 0.004000
v -19.827000 -2.056800 0.004000
v -19.625999 -1.955200 0.004000
v -19.625999 -2.056800 0.004000
v -19.426001 -1.955200 0.004000
v -19.426001 -2.056800 0.004000
v -19.225000 -1.955200 0.004000
v -19.225000 -2.056800 0.004000
v -19.025000 -1.955200 0.004000
v -19.025000 -2.056800 0.004000
v -18.823999 -1.955200 0.004000
v -18.823999 -2.056800 0.004000
v -18.622999 -1.955200 0.004000
v -18.622999 -2.056800 0.004000
v -18.423000 -1.955200 0.004000
v -18.423000 -2.056800 0.004000
v -18.222000 -1.955200 0.004000
v -18.222000 -2.056800 0.004000
v -18.021999 -1.955200 0.004000
v -18.021999 -2.056800 0.004000
v -17.820999 -1.955200 0.004000
v -17.820999 -2.056800 0.004000
v -17.620001 -1.955200 0.004000
v -17.620001 -2.056800 0.004000
v -17.420000 -1.955200 0.004000
v -17.420000 -2.056800 0.004000
v -17.219000 -1.955200 0.004000
v -17.219000 -2.056800 0.004000
v -17.018000 -1.955200 0.004000
v -17.018000 -2.056800 0.004000
v -16.818001 -1.955200 0.004000
v -16.818001 -2.056800 0.004000
v -16.617001 -1.955200 0.004000
v -16.617001 -2.056800 0.004000
v -16.417000 -1.955200 0.004000
v -16.417000 -2.056800 0.004000
v -16.216000 -1.955200 0.004000
v -16.216000 -2.056800 0.004000
v -16.014999 -1.955200 0.004000
v -16.014999 -2.056800 0.004000
v -15.815000 -1.955200 0.004000
v -15.815000 -2.056800 0.004000
v -15.614000 -1.955200 0.004000
v -15.614000 -2.056800 0.004000
v -15.414000 -1.955200 0.004000
v -15.414000 -2.056800 0.004000
v -15.213000 -1.955200 0.004000
v -15.213000 -2.056800 0.004000
v -15.012000 -1.955200 0.004000
v -15.012000 -2.056800 0.004000
v -14.812000 -1.955200 0.004000
v -14.812000 -2.056800 0.004000
v -14.611000 -1.955200 0.004000
v -14.611000 -2.056800 0.004000
v -14.411000 -1.955200 0.004000
v -14.411000 -2.056800 0.004000
v -14.210000 -1.955200 0.004000
v -14.210000 -2.056800 0.004000
v -14.009000 -1.955200 0.004000
v -14.009000 -2.056800 0.004000
v -13.809000 -1.955200 0.004000
v -13.809000 -2.056800 0.004000
v -13.608000 -1.955200 0.004000
v -13.608000 -2.056800 0.004000
v -13.407000 -1.955200 0.004000
v -13.407000 -2.056800 0.004000
v -13.207000 -1.955200 0.004000
v -13.207000 -2.056800 0.004000
v -13.006000 -1.955200 0.004000
v -13.006000 -2.056800 0.004000
v -12.806000 -1.955200 0.004000
v -12.806000 -2.056800 0.004000
v -12.605000 -1.955200 0.004000
v -12.605000 -2.056800 0.004000
v -12.404000 -1.955200 0.004000
v -12.404000 -2.056800 0.004000
v -12.204000 -1.955200 0.004000
v -12.204000 -2.056800 0.004000
v -12.003000 -1.955200 0.004000
v -12.003000 -2.056800 0.004000
v -11.803000 -1.955200 0.004000
v -11.803000 -2.056800 0.004000
v -11.602000 -1.955200 0.004000
v -11.602000 -2.056800 0.004000
v -11.401000 -1.955200 0.004000
v -11.401000 -2.056800 0.004000
v -11.201000 -1.955200 0.004000
v -11.201000 -2.056800 0.004000
v -11.000000 -1.955200 0.004000
v -11.000000 -2.056800 0.004000
v -10.800000 -1.955200 0.004000
v -10.800000 -2.056800 0.004000
v -10.603000 -1.955200 0.004000
v -10.603000 -2.056800 0.004000
v -10.411000 -1.955200 0.004000
v -10.411000 -2.056800 0.004000
v -10.223000 -1.955200 0.004000
v -10.223000 -2.056800 0.004000
v -10.039000 -1.955200 0.004000
v -10.039000 -2.056800 0.004000
v -9.901000 -1.955200 0.004000
v -9.901000 -2.056800 0.004000
v -9.809000 -1.955200 0.004000
v -9.809000 -2.056800 0.004000
v -9.763000 -1.955200 0.004000
v -9.763000 -2.056800 0.004000
vn -0.0000 -0.0000 1.0000
s 0
usemtl white_tape
f 1222//3 1223//3 1221//3
f 1223//3 1226//3 1225//3
f 1226//3 1227//3 1225//3
f 1227//3 1230//3 1229//3
f 1229//3 1232//3 1231//3
f 1231//3 1234//3 1233//3
f 1233//3 1236//3 1235//3
f 1236//3 1237//3 1235//3
f 1237//3 1240//3 1239//3
f 1240//3 1241//3 1239//3
f 1241//3 1244//3 1243//3
f 1243//3 1246//3 1245//3
f 1245//3 1248//3 1247//3
f 1248//3 1249//3 1247//3
f 1249//3 1252//3 1251//3
f 1251//3 1254//3 1253//3
f 1254//3 1255//3 1253//3
f 1255//3 1258//3 1257//3
f 1258//3 1259//3 1257//3
f 1260//3 1261//3 1259//3
f 1262//3 1263//3 1261//3
f 1263//3 1266//3 1265//3
f 1266//3 1267//3 1265//3
f 1267//3 1270//3 1269//3
f 1270//3 1271//3 1269//3
f 1271//3 1274//3 1273//3
f 1274//3 1275//3 1273//3
f 1275//3 1278//3 1277//3
f 1278//3 1279//3 1277//3
f 1279//3 1282//3 1281//3
f 1282//3 1283//3 1281//3
f 1283//3 1286//3 1285//3
f 1286//3 1287//3 1285//3
f 1287//3 1290//3 1289//3
f 1290//3 1291//3 1289//3
f 1291//3 1294//3 1293//3
f 1293//3 1296//3 1295//3
f 1295//3 1298//3 1297//3
f 1298//3 1299//3 1297//3
f 1300//3 1301//3 1299//3
f 1302//3 1303//3 1301//3
f 1303//3 1306//3 1305//3
f 1306//3 1307//3 1305//3
f 1307//3 1310//3 1309//3
f 1310//3 1311//3 1309//3
f 1311//3 1314//3 1313//3
f 1314//3 1315//3 1313//3
f 1315//3 1318//3 1317//3
f 1318//3 1319//3 1317//3
f 1319//3 1322//3 1321//3
f 1322//3 1323//3 1321//3
f 1324//3 1325//3 1323//3
f 1325//3 1328//3 1327//3
f 1328//3 1329//3 1327//3
f 1329//3 1332//3 1331//3
f 1332//3 1333//3 1331//3
f 1333//3 1336//3 1335//3
f 1336//3 1337//3 1335//3
f 1337//3 1340//3 1339//3
f 1339//3 1342//3 1341//3
f 1342//3 1343//3 1341//3
f 1343//3 1346//3 1345//3
f 1346//3 1347//3 1345//3
f 1348//3 1349//3 1347//3
f 1350//3 1351//3 1349//3
f 1351//3 1354//3 1353//3
f 1353//3 1356//3 1355//3
f 1356//3 1357//3 1355//3
f 1357//3 1360//3 1359//3
f 1359//3 1362//3 1361//3
f 1361//3 1364//3 1363//3
f 1364//3 1365//3 1363//3
f 1365//3 1368//3 1367//3
f 1367//3 1370//3 1369//3
f 1370//3 1371//3 1369//3
f 1371//3 1374//3 1373//3
f 1374//3 1375//3 1373//3
f 1375//3 1378//3 1377//3
f 1377//3 1380//3 1379//3
f 1380//3 1381//3 1379//3
f 1382//3 1383//3 1381//3
f 1383//3 1386//3 1385//3
f 1386//3 1387//3 1385//3
f 1387//3 1390//3 1389//3
f 1390//3 1391//3 1389//3
f 1391//3 1394//3 1393//3
f 1394//3 1395//3 1393//3
f 1396//3 1397//3 1395//3
f 1397//3 1400//3 1399//3
f 1399//3 1402//3 1401//3
f 1402//3 1403//3 1401//3
f 1403//3 1406//3 1405//3
f 1406//3 1407//3 1405//3
f 1408//3 1409//3 1407//3
f 1409//3 1412//3 1411//3
f 1412//3 1413//3 1411//3
f 1413//3 1416//3 1415//3
f 1415//3 1418//3 1417//3
f 1417//3 1420//3 1419//3
f 1420//3 1421//3 1419//3
f 1421//3 1424//3 1423//3
f 1423//3 1426//3 1425//3
f 1426//3 1427//3 1425//3
f 1427//3 1430//3 1429//3
f 1430//3 1431//3 1429//3
f 1431//3 1434//3 1433//3
f 1434//3 1435//3 1433//3
f 1435//3 1438//3 1437//3
f 1438//3 1439//3 1437//3
f 1440//3 1441//3 1439//3
f 1441//3 1444//3 1443//3
f 1444//3 1445//3 1443//3
f 1446//3 1447//3 1445//3
f 1447//3 1450//3 1449//3
f 1450//3 1451//3 1449//3
f 1451//3 1454//3 1453//3
f 1454//3 1455//3 1453//3
f 1455//3 1458//3 1457//3
f 1458//3 1459//3 1457//3
f 1459//3 1462//3 1461//3
f 1462//3 1463//3 1461//3
f 1463//3 1466//3 1465//3
f 1466//3 1467//3 1465//3
f 1467//3 1470//3 1469//3
f 1469//3 1472//3 1471//3
f 1472//3 1473//3 1471//3
f 1474//3 1475//3 1473//3
f 1475//3 1478//3 1477//3
f 1478//3 1479//3 1477//3
f 1480//3 1481//3 1479//3
f 1481//3 1484//3 1483//3
f 1484//3 1485//3 1483//3
f 1485//3 1488//3 1487//3
f 1488//3 1489//3 1487//3
f 1489//3 1492//3 1491//3
f 1492//3 1493//3 1491//3
f 1493//3 1496//3 1495//3
f 1495//3 1498//3 1497//3
f 1498//3 1499//3 1497//3
f 1499//3 1502//3 1501//3
f 1502//3 1503//3 1501//3
f 1503//3 1506//3 1505//3
f 1506//3 1507//3 1505//3
f 1508//3 1509//3 1507//3
f 1509//3 1512//3 1511//3
f 1512//3 1513//3 1511//3
f 1513//3 1516//3 1515//3
f 1515//3 1518//3 1517//3
f 1518//3 1519//3 1517//3
f 1519//3 1522//3 1521//3
f 1521//3 1524//3 1523//3
f 1523//3 1526//3 1525//3
f 1526//3 1527//3 1525//3
f 1528//3 1529//3 1527//3
f 1529//3 1532//3 1531//3
f 1531//3 1534//3 1533//3
f 1534//3 1535//3 1533//3
f 1536//3 1537//3 1535//3
f 1537//3 1540//3 1539//3
f 1540//3 1541//3 1539//3
f 1541//3 1544//3 1543//3
f 1544//3 1545//3 1543//3
f 1546//3 1547//3 1545//3
f 1547//3 1550//3 1549//3
f 1550//3 1551//3 1549//3
f 1551//3 1554//3 1553//3
f 1553//3 1556//3 1555//3
f 1555//3 1558//3 1557//3
f 1558//3 1559//3 1557//3
f 1559//3 1562//3 1561//3
f 1562//3 1563//3 1561//3
f 1563//3 1566//3 1565//3
f 1566//3 1567//3 1565//3
f 1567//3 1570//3 1569//3
f 1569//3 1572//3 1571//3
f 1572//3 1573//3 1571//3
f 1573//3 1576//3 1575//3
f 1576//3 1577//3 1575//3
f 1577//3 1580//3 1579//3
f 1579//3 1582//3 1581//3
f 1581//3 1584//3 1583//3
f 1584//3 1585//3 1583//3
f 1585//3 1588//3 1587//3
f 1588//3 1589//3 1587//3
f 1589//3 1592//3 1591//3
f 1592//3 1593//3 1591//3
f 1593//3 1596//3 1595//3
f 1596//3 1597//3 1595//3
f 1597//3 1600//3 1599//3
f 1599//3 1602//3 1601//3
f 1602//3 1603//3 1601//3
f 1603//3 1606//3 1605//3
f 1606//3 1607//3 1605//3
f 1607//3 1610//3 1609//3
f 1609//3 1612//3 1611//3
f 1612//3 1613//3 1611//3
f 1613//3 1616//3 1615//3
f 1616//3 1617//3 1615//3
f 1618//3 1619//3 1617//3
f 1619//3 1622//3 1621//3
f 1622//3 1623//3 1621//3
f 1623//3 1626//3 1625//3
f 1626//3 1627//3 1625//3
f 1627//3 1630//3 1629//3
f 1630//3 1631//3 1629//3
f 1632//3 1633//3 1631//3
f 1633//3 1636//3 1635//3
f 1636//3 1637//3 1635//3
f 1637//3 1640//3 1639//3
f 1640//3 1641//3 1639//3
f 1641//3 1644//3 1643//3
f 1644//3 1645//3 1643//3
f 1645//3 1648//3 1647//3
f 1648//3 1649//3 1647//3
f 1649//3 1652//3 1651//3
f 1652//3 1653//3 1651//3
f 1654//3 1655//3 1653//3
f 1655//3 1658//3 1657//3
f 1658//3 1659//3 1657//3
f 1659//3 1662//3 1661//3
f 1661//3 1664//3 1663//3
f 1664//3 1665//3 1663//3
f 1665//3 1668//3 1667//3
f 1668//3 1669//3 1667//3
f 1669//3 1672//3 1671//3
f 1671//3 1674//3 1673//3
f 1674//3 1675//3 1673//3
f 1676//3 1677//3 1675//3
f 1677//3 1680//3 1679//3
f 1679//3 1682//3 1681//3
f 1682//3 1683//3 1681//3
f 1683//3 1686//3 1685//3
f 1685//3 1688//3 1687//3
f 1688//3 1689//3 1687//3
f 1689//3 1692//3 1691//3
f 1692//3 1693//3 1691//3
f 1693//3 1696//3 1695//3
f 1696//3 1697//3 1695//3
f 1697//3 1700//3 1699//3
f 1699//3 1702//3 1701//3
f 1702//3 1703//3 1701//3
f 1703//3 1706//3 1705//3
f 1706//3 1707//3 1705//3
f 1708//3 1709//3 1707//3
f 1710//3 1711//3 1709//3
f 1712//3 1713//3 1711//3
f 1713//3 1716//3 1715//3
f 1716//3 1717//3 1715//3
f 1717//3 1720//3 1719//3
f 1720//3 1721//3 1719//3
f 1721//3 1724//3 1723//3
f 1724//3 1725//3 1723//3
f 1725//3 1728//3 1727//3
f 1728//3 1729//3 1727//3
f 1729//3 1732//3 1731//3
f 1732//3 1733//3 1731//3
f 1733//3 1736//3 1735//3
f 1735//3 1738//3 1737//3
f 1737//3 1740//3 1739//3
f 1740//3 1741//3 1739//3
f 1742//3 1743//3 1741//3
f 1743//3 1746//3 1745//3
f 1746//3 1747//3 1745//3
f 1747//3 1750//3 1749//3
f 1749//3 1752//3 1751//3
f 1752//3 1753//3 1751//3
f 1754//3 1755//3 1753//3
f 1756//3 1757//3 1755//3
f 1758//3 1759//3 1757//3
f 1760//3 1761//3 1759//3
f 1761//3 1764//3 1763//3
f 1764//3 1765//3 1763//3
f 1765//3 1768//3 1767//3
f 1768//3 1769//3 1767//3
f 1769//3 1772//3 1771//3
f 1771//3 1774//3 1773//3
f 1774//3 1775//3 1773//3
f 1776//3 1777//3 1775//3
f 1777//3 1780//3 1779//3
f 1780//3 1781//3 1779//3
f 1781//3 1784//3 1783//3
f 1783//3 1786//3 1785//3
f 1785//3 1788//3 1787//3
f 1788//3 1789//3 1787//3
f 1789//3 1792//3 1791//3
f 1792//3 1793//3 1791//3
f 1794//3 1795//3 1793//3
f 1795//3 1798//3 1797//3
f 1798//3 1799//3 1797//3
f 1800//3 1801//3 1799//3
f 1801//3 1804//3 1803//3
f 1804//3 1805//3 1803//3
f 1805//3 1808//3 1807//3
f 1808//3 1809//3 1807//3
f 1809//3 1812//3 1811//3
f 1811//3 1814//3 1813//3
f 1814//3 1815//3 1813//3
f 1815//3 1818//3 1817//3
f 1818//3 1819//3 1817//3
f 1820//3 1821//3 1819//3
f 1821//3 1824//3 1823//3
f 1824//3 1825//3 1823//3
f 1825//3 1828//3 1827//3
f 1828//3 1829//3 1827//3
f 1829//3 1832//3 1831//3
f 1832//3 1833//3 1831//3
f 1833//3 1836//3 1835//3
f 1836//3 1837//3 1835//3
f 1837//3 1840//3 1839//3
f 1840//3 1841//3 1839//3
f 1842//3 1843//3 1841//3
f 1843//3 1846//3 1845//3
f 1845//3 1848//3 1847//3
f 1848//3 1849//3 1847//3
f 1849//3 1852//3 1851//3
f 1851//3 1854//3 1853//3
f 1853//3 1856//3 1855//3
f 1855//3 1858//3 1857//3
f 1858//3 1859//3 1857//3
f 1859//3 1862//3 1861//3
f 1862//3 1863//3 1861//3
f 1863//3 1866//3 1865//3
f 1866//3 1867//3 1865//3
f 1868//3 1869//3 1867//3
f 1869//3 1872//3 1871//3
f 1872//3 1873//3 1871//3
f 1873//3 1876//3 1875//3
f 1875//3 1878//3 1877//3
f 1877//3 1880//3 1879//3
f 1879//3 1882//3 1881//3
f 1881//3 1884//3 1883//3
f 1884//3 1885//3 1883//3
f 1885//3 1888//3 1887//3
f 1888//3 1889//3 1887//3
f 1889//3 1892//3 1891//3
f 1891//3 1894//3 1893//3
f 1894//3 1895//3 1893//3
f 1895//3 1898//3 1897//3
f 1898//3 1899//3 1897//3
f 1899//3 1902//3 1901//3
f 1902//3 1903//3 1901//3
f 1903//3 1906//3 1905//3
f 1905//3 1908//3 1907//3
f 1908//3 1909//3 1907//3
f 1910//3 1911//3 1909//3
f 1911//3 1914//3 1913//3
f 1914//3 1915//3 1913//3
f 1916//3 1917//3 1915//3
f 1918//3 1919//3 1917//3
f 1919//3 1922//3 1921//3
f 1922//3 1923//3 1921//3
f 1923//3 1926//3 1925//3
f 1926//3 1927//3 1925//3
f 1927//3 1930//3 1929//3
f 1930//3 1931//3 1929//3
f 1931//3 1934//3 1933//3
f 1934//3 1935//3 1933//3
f 1935//3 1938//3 1937//3
f 1938//3 1939//3 1937//3
f 1939//3 1942//3 1941//3
f 1942//3 1943//3 1941//3
f 1944//3 1945//3 1943//3
f 1945//3 1948//3 1947//3
f 1948//3 1949//3 1947//3
f 1950//3 1951//3 1949//3
f 1951//3 1954//3 1953//3
f 1953//3 1956//3 1955//3
f 1956//3 1957//3 1955//3
f 1957//3 1960//3 1959//3
f 1960//3 1961//3 1959//3
f 1961//3 1964//3 1963//3
f 1964//3 1965//3 1963//3
f 1965//3 1968//3 1967//3
f 1967//3 1970//3 1969//3
f 1970//3 1971//3 1969//3
f 1972//3 1973//3 1971//3
f 1973//3 1976//3 1975//3
f 1976//3 1977//3 1975//3
f 1977//3 1980//3 1979//3
f 1979//3 1982//3 1981//3
f 1982//3 1983//3 1981//3
f 1983//3 1986//3 1985//3
f 1986//3 1987//3 1985//3
f 1987//3 1990//3 1989//3
f 1989//3 1992//3 1991//3
f 1992//3 1993//3 1991//3
f 1993//3 1996//3 1995//3
f 1996//3 1997//3 1995//3
f 1998//3 1999//3 1997//3
f 1999//3 2002//3 2001//3
f 2002//3 2003//3 2001//3
f 2004//3 2005//3 2003//3
f 2005//3 2008//3 2007//3
f 2008//3 2009//3 2007//3
f 2009//3 2012//3 2011//3
f 2011//3 2014//3 2013//3
f 2014//3 2015//3 2013//3
f 2015//3 2018//3 2017//3
f 2018//3 2019//3 2017//3
f 2019//3 2022//3 2021//3
f 2022//3 2023//3 2021//3
f 2024//3 2025//3 2023//3
f 2026//3 2027//3 2025//3
f 2027//3 2030//3 2029//3
f 2030//3 2031//3 2029//3
f 2031//3 2034//3 2033//3
f 2033//3 2036//3 2035//3
f 2036//3 2037//3 2035//3
f 2037//3 2040//3 2039//3
f 2040//3 2041//3 2039//3
f 2041//3 2044//3 2043//3
f 2044//3 2045//3 2043//3
f 2046//3 2047//3 2045//3
f 2047//3 2050//3 2049//3
f 2050//3 2051//3 2049//3
f 2052//3 2053//3 2051//3
f 2054//3 2055//3 2053//3
f 2055//3 2058//3 2057//3
f 2057//3 2060//3 2059//3
f 2060//3 2061//3 2059//3
f 2061//3 2064//3 2063//3
f 2064//3 2065//3 2063//3
f 2065//3 2068//3 2067//3
f 2068//3 2069//3 2067//3
f 2069//3 2072//3 2071//3
f 2071//3 2074//3 2073//3
f 2074//3 2075//3 2073//3
f 2075//3 2078//3 2077//3
f 2078//3 2079//3 2077//3
f 2080//3 2081//3 2079//3
f 2081//3 2084//3 2083//3
f 2084//3 2085//3 2083//3
f 2085//3 2088//3 2087//3
f 2088//3 2089//3 2087//3
f 2089//3 2092//3 2091//3
f 2091//3 2094//3 2093//3
f 2094//3 2095//3 2093//3
f 2096//3 2097//3 2095//3
f 2097//3 2100//3 2099//3
f 2100//3 2101//3 2099//3
f 2101//3 2104//3 2103//3
f 2103//3 2106//3 2105//3
f 2106//3 2107//3 2105//3
f 2108//3 2109//3 2107//3
f 2110//3 2111//3 2109//3
f 2111//3 2114//3 2113//3
f 2114//3 2115//3 2113//3
f 2115//3 2118//3 2117//3
f 2117//3 2120//3 2119//3
f 2120//3 2121//3 2119//3
f 2122//3 2123//3 2121//3
f 2123//3 2126//3 2125//3
f 2125//3 2128//3 2127//3
f 2128//3 2129//3 2127//3
f 2129//3 2132//3 2131//3
f 2132//3 2133//3 2131//3
f 2133//3 2136//3 2135//3
f 2136//3 2137//3 2135//3
f 2137//3 2140//3 2139//3
f 2139//3 2142//3 2141//3
f 2142//3 2143//3 2141//3
f 2143//3 2146//3 2145//3
f 2145//3 2148//3 2147//3
f 2148//3 2149//3 2147//3
f 2149//3 2152//3 2151//3
f 2151//3 2154//3 2153//3
f 2153//3 2156//3 2155//3
f 2155//3 2158//3 2157//3
f 2158//3 2159//3 2157//3
f 2160//3 2161//3 2159//3
f 2162//3 2163//3 2161//3
f 2164//3 2165//3 2163//3
f 2165//3 2168//3 2167//3
f 2168//3 2169//3 2167//3
f 2169//3 2172//3 2171//3
f 2172//3 2173//3 2171//3
f 2174//3 2175//3 2173//3
f 2176//3 2177//3 2175//3
f 2178//3 2179//3 2177//3
f 2180//3 2181//3 2179//3
f 2182//3 2183//3 2181//3
f 2184//3 2185//3 2183//3
f 2186//3 2187//3 2185//3
f 2188//3 2189//3 2187//3
f 2190//3 2191//3 2189//3
f 2192//3 2193//3 2191//3
f 2194//3 2195//3 2193//3
f 2196//3 2197//3 2195//3
f 2198//3 2199//3 2197//3
f 2200//3 2201//3 2199//3
f 2202//3 2203//3 2201//3
f 2204//3 2205//3 2203//3
f 2206//3 2207//3 2205//3
f 2208//3 2209//3 2207//3
f 2210//3 2211//3 2209//3
f 2212//3 2213//3 2211//3
f 2214//3 2215//3 2213//3
f 2216//3 2217//3 2215//3
f 2218//3 2219//3 2217//3
f 2220//3 2221//3 2219//3
f 2222//3 2223//3 2221//3
f 2224//3 2225//3 2223//3
f 2226//3 2227//3 2225//3
f 2228//3 2229//3 2227//3
f 2230//3 2231//3 2229//3
f 2232//3 2233//3 2231//3
f 2234//3 2235//3 2233//3
f 2236//3 2237//3 2235//3
f 2238//3 2239//3 2237//3
f 2240//3 2241//3 2239//3
f 2242//3 2243//3 2241//3
f 2244//3 2245//3 2243//3
f 2246//3 2247//3 2245//3
f 2248//3 2249//3 2247//3
f 2250//3 2251//3 2249//3
f 2252//3 2253//3 2251//3
f 2254//3 2255//3 2253//3
f 2256//3 2257//3 2255//3
f 2258//3 2259//3 2257//3
f 2260//3 2261//3 2259//3
f 2262//3 2263//3 2261//3
f 2264//3 2265//3 2263//3
f 2266//3 2267//3 2265//3
f 2268//3 2269//3 2267//3
f 2270//3 2271//3 2269//3
f 2272//3 2273//3 2271//3
f 2274//3 2275//3 2273//3
f 2276//3 2277//3 2275//3
f 2278//3 2279//3 2277//3
f 2280//3 2281//3 2279//3
f 2282//3 2283//3 2281//3
f 2284//3 2285//3 2283//3
f 2286//3 2287//3 2285//3
f 2288//3 2289//3 2287//3
f 2290//3 2291//3 2289//3
f 2292//3 2293//3 2291//3
f 2294//3 2295//3 2293//3
f 2296//3 2297//3 2295//3
f 2298//3 2299//3 2297//3
f 2300//3 2301//3 2299//3
f 2302//3 2303//3 2301//3
f 2304//3 2305//3 2303//3
f 2306//3 2307//3 2305//3
f 2308//3 2309//3 2307//3
f 2310//3 2311//3 2309//3
f 2312//3 2313//3 2311//3
f 2314//3 2315//3 2313//3
f 2316//3 2317//3 2315//3
f 2318//3 2319//3 2317//3
f 2320//3 2321//3 2319//3
f 2322//3 2323//3 2321//3
f 2324//3 2325//3 2323//3
f 2326//3 2327//3 2325//3
f 2328//3 2329//3 2327//3
f 2330//3 2331//3 2329//3
f 1222//3 1224//3 1223//3
f 1223//3 1224//3 1226//3
f 1226//3 1228//3 1227//3
f 1227//3 1228//3 1230//3
f 1229//3 1230//3 1232//3
f 1231//3 1232//3 1234//3
f 1233//3 1234//3 1236//3
f 1236//3 1238//3 1237//3
f 1237//3 1238//3 1240//3
f 1240//3 1242//3 1241//3
f 1241//3 1242//3 1244//3
f 1243//3 1244//3 1246//3
f 1245//3 1246//3 1248//3
f 1248//3 1250//3 1249//3
f 1249//3 1250//3 1252//3
f 1251//3 1252//3 1254//3
f 1254//3 1256//3 1255//3
f 1255//3 1256//3 1258//3
f 1258//3 1260//3 1259//3
f 1260//3 1262//3 1261//3
f 1262//3 1264//3 1263//3
f 1263//3 1264//3 1266//3
f 1266//3 1268//3 1267//3
f 1267//3 1268//3 1270//3
f 1270//3 1272//3 1271//3
f 1271//3 1272//3 1274//3
f 1274//3 1276//3 1275//3
f 1275//3 1276//3 1278//3
f 1278//3 1280//3 1279//3
f 1279//3 1280//3 1282//3
f 1282//3 1284//3 1283//3
f 1283//3 1284//3 1286//3
f 1286//3 1288//3 1287//3
f 1287//3 1288//3 1290//3
f 1290//3 1292//3 1291//3
f 1291//3 1292//3 1294//3
f 1293//3 1294//3 1296//3
f 1295//3 1296//3 1298//3
f 1298//3 1300//3 1299//3
f 1300//3 1302//3 1301//3
f 1302//3 1304//3 1303//3
f 1303//3 1304//3 1306//3
f 1306//3 1308//3 1307//3
f 1307//3 1308//3 1310//3
f 1310//3 1312//3 1311//3
f 1311//3 1312//3 1314//3
f 1314//3 1316//3 1315//3
f 1315//3 1316//3 1318//3
f 1318//3 1320//3 1319//3
f 1319//3 1320//3 1322//3
f 1322//3 1324//3 1323//3
f 1324//3 1326//3 1325//3
f 1325//3 1326//3 1328//3
f 1328//3 1330//3 1329//3
f 1329//3 1330//3 1332//3
f 1332//3 1334//3 1333//3
f 1333//3 1334//3 1336//3
f 1336//3 1338//3 1337//3
f 1337//3 1338//3 1340//3
f 1339//3 1340//3 1342//3
f 1342//3 1344//3 1343//3
f 1343//3 1344//3 1346//3
f 1346//3 1348//3 1347//3
f 1348//3 1350//3 1349//3
f 1350//3 1352//3 1351//3
f 1351//3 1352//3 1354//3
f 1353//3 1354//3 1356//3
f 1356//3 1358//3 1357//3
f 1357//3 1358//3 1360//3
f 1359//3 1360//3 1362//3
f 1361//3 1362//3 1364//3
f 1364//3 1366//3 1365//3
f 1365//3 1366//3 1368//3
f 1367//3 1368//3 1370//3
f 1370//3 1372//3 1371//3
f 1371//3 1372//3 1374//3
f 1374//3 1376//3 1375//3
f 1375//3 1376//3 1378//3
f 1377//3 1378//3 1380//3
f 1380//3 1382//3 1381//3
f 1382//3 1384//3 1383//3
f 1383//3 1384//3 1386//3
f 1386//3 1388//3 1387//3
f 1387//3 1388//3 1390//3
f 1390//3 1392//3 1391//3
f 1391//3 1392//3 1394//3
f 1394//3 1396//3 1395//3
f 1396//3 1398//3 1397//3
f 1397//3 1398//3 1400//3
f 1399//3 1400//3 1402//3
f 1402//3 1404//3 1403//3
f 1403//3 1404//3 1406//3
f 1406//3 1408//3 1407//3
f 1408//3 1410//3 1409//3
f 1409//3 1410//3 1412//3
f 1412//3 1414//3 1413//3
f 1413//3 1414//3 1416//3
f 1415//3 1416//3 1418//3
f 1417//3 1418//3 1420//3
f 1420//3 1422//3 1421//3
f 1421//3 1422//3 1424//3
f 1423//3 1424//3 1426//3
f 1426//3 1428//3 1427//3
f 1427//3 1428//3 1430//3
f 1430//3 1432//3 1431//3
f 1431//3 1432//3 1434//3
f 1434//3 1436//3 1435//3
f 1435//3 1436//3 1438//3
f 1438//3 1440//3 1439//3
f 1440//3 1442//3 1441//3
f 1441//3 1442//3 1444//3
f 1444//3 1446//3 1445//3
f 1446//3 1448//3 1447//3
f 1447//3 1448//3 1450//3
f 1450//3 1452//3 1451//3
f 1451//3 1452//3 1454//3
f 1454//3 1456//3 1455//3
f 1455//3 1456//3 1458//3
f 1458//3 1460//3 1459//3
f 1459//3 1460//3 1462//3
f 1462//3 1464//3 1463//3
f 1463//3 1464//3 1466//3
f 1466//3 1468//3 1467//3
f 1467//3 1468//3 1470//3
f 1469//3 1470//3 1472//3
f 1472//3 1474//3 1473//3
f 1474//3 1476//3 1475//3
f 1475//3 1476//3 1478//3
f 1478//3 1480//3 1479//3
f 1480//3 1482//3 1481//3
f 1481//3 1482//3 1484//3
f 1484//3 1486//3 1485//3
f 1485//3 1486//3 1488//3
f 1488//3 1490//3 1489//3
f 1489//3 1490//3 1492//3
f 1492//3 1494//3 1493//3
f 1493//3 1494//3 1496//3
f 1495//3 1496//3 1498//3
f 1498//3 1500//3 1499//3
f 1499//3 1500//3 1502//3
f 1502//3 1504//3 1503//3
f 1503//3 1504//3 1506//3
f 1506//3 1508//3 1507//3
f 1508//3 1510//3 1509//3
f 1509//3 1510//3 1512//3
f 1512//3 1514//3 1513//3
f 1513//3 1514//3 1516//3
f 1515//3 1516//3 1518//3
f 1518//3 1520//3 1519//3
f 1519//3 1520//3 1522//3
f 1521//3 1522//3 1524//3
f 1523//3 1524//3 1526//3
f 1526//3 1528//3 1527//3
f 1528//3 1530//3 1529//3
f 1529//3 1530//3 1532//3
f 1531//3 1532//3 1534//3
f 1534//3 1536//3 1535//3
f 1536//3 1538//3 1537//3
f 1537//3 1538//3 1540//3
f 1540//3 1542//3 1541//3
f 1541//3 1542//3 1544//3
f 1544//3 1546//3 1545//3
f 1546//3 1548//3 1547//3
f 1547//3 1548//3 1550//3
f 1550//3 1552//3 1551//3
f 1551//3 1552//3 1554//3
f 1553//3 1554//3 1556//3
f 1555//3 1556//3 1558//3
f 1558//3 1560//3 1559//3
f 1559//3 1560//3 1562//3
f 1562//3 1564//3 1563//3
f 1563//3 1564//3 1566//3
f 1566//3 1568//3 1567//3
f 1567//3 1568//3 1570//3
f 1569//3 1570//3 1572//3
f 1572//3 1574//3 1573//3
f 1573//3 1574//3 1576//3
f 1576//3 1578//3 1577//3
f 1577//3 1578//3 1580//3
f 1579//3 1580//3 1582//3
f 1581//3 1582//3 1584//3
f 1584//3 1586//3 1585//3
f 1585//3 1586//3 1588//3
f 1588//3 1590//3 1589//3
f 1589//3 1590//3 1592//3
f 1592//3 1594//3 1593//3
f 1593//3 1594//3 1596//3
f 1596//3 1598//3 1597//3
f 1597//3 1598//3 1600//3
f 1599//3 1600//3 1602//3
f 1602//3 1604//3 1603//3
f 1603//3 1604//3 1606//3
f 1606//3 1608//3 1607//3
f 1607//3 1608//3 1610//3
f 1609//3 1610//3 1612//3
f 1612//3 1614//3 1613//3
f 1613//3 1614//3 1616//3
f 1616//3 1618//3 1617//3
f 1618//3 1620//3 1619//3
f 1619//3 1620//3 1622//3
f 1622//3 1624//3 1623//3
f 1623//3 1624//3 1626//3
f 1626//3 1628//3 1627//3
f 1627//3 1628//3 1630//3
f 1630//3 1632//3 1631//3
f 1632//3 1634//3 1633//3
f 1633//3 1634//3 1636//3
f 1636//3 1638//3 1637//3
f 1637//3 1638//3 1640//3
f 1640//3 1642//3 1641//3
f 1641//3 1642//3 1644//3
f 1644//3 1646//3 1645//3
f 1645//3 1646//3 1648//3
f 1648//3 1650//3 1649//3
f 1649//3 1650//3 1652//3
f 1652//3 1654//3 1653//3
f 1654//3 1656//3 1655//3
f 1655//3 1656//3 1658//3
f 1658//3 1660//3 1659//3
f 1659//3 1660//3 1662//3
f 1661//3 1662//3 1664//3
f 1664//3 1666//3 1665//3
f 1665//3 1666//3 1668//3
f 1668//3 1670//3 1669//3
f 1669//3 1670//3 1672//3
f 1671//3 1672//3 1674//3
f 1674//3 1676//3 1675//3
f 1676//3 1678//3 1677//3
f 1677//3 1678//3 1680//3
f 1679//3 1680//3 1682//3
f 1682//3 1684//3 1683//3
f 1683//3 1684//3 1686//3
f 1685//3 1686//3 1688//3
f 1688//3 1690//3 1689//3
f 1689//3 1690//3 1692//3
f 1692//3 1694//3 1693//3
f 1693//3 1694//3 1696//3
f 1696//3 1698//3 1697//3
f 1697//3 1698//3 1700//3
f 1699//3 1700//3 1702//3
f 1702//3 1704//3 1703//3
f 1703//3 1704//3 1706//3
f 1706//3 1708//3 1707//3
f 1708//3 1710//3 1709//3
f 1710//3 1712//3 1711//3
f 1712//3 1714//3 1713//3
f 1713//3 1714//3 1716//3
f 1716//3 1718//3 1717//3
f 1717//3 1718//3 1720//3
f 1720//3 1722//3 1721//3
f 1721//3 1722//3 1724//3
f 1724//3 1726//3 1725//3
f 1725//3 1726//3 1728//3
f 1728//3 1730//3 1729//3
f 1729//3 1730//3 1732//3
f 1732//3 1734//3 1733//3
f 1733//3 1734//3 1736//3
f 1735//3 1736//3 1738//3
f 1737//3 1738//3 1740//3
f 1740//3 1742//3 1741//3
f 1742//3 1744//3 1743//3
f 1743//3 1744//3 1746//3
f 1746//3 1748//3 1747//3
f 1747//3 1748//3 1750//3
f 1749//3 1750//3 1752//3
f 1752//3 1754//3 1753//3
f 1754//3 1756//3 1755//3
f 1756//3 1758//3 1757//3
f 1758//3 1760//3 1759//3
f 1760//3 1762//3 1761//3
f 1761//3 1762//3 1764//3
f 1764//3 1766//3 1765//3
f 1765//3 1766//3 1768//3
f 1768//3 1770//3 1769//3
f 1769//3 1770//3 1772//3
f 1771//3 1772//3 1774//3
f 1774//3 1776//3 1775//3
f 1776//3 1778//3 1777//3
f 1777//3 1778//3 1780//3
f 1780//3 1782//3 1781//3
f 1781//3 1782//3 1784//3
f 1783//3 1784//3 1786//3
f 1785//3 1786//3 1788//3
f 1788//3 1790//3 1789//3
f 1789//3 1790//3 1792//3
f 1792//3 1794//3 1793//3
f 1794//3 1796//3 1795//3
f 1795//3 1796//3 1798//3
f 1798//3 1800//3 1799//3
f 1800//3 1802//3 1801//3
f 1801//3 1802//3 1804//3
f 1804//3 1806//3 1805//3
f 1805//3 1806//3 1808//3
f 1808//3 1810//3 1809//3
f 1809//3 1810//3 1812//3
f 1811//3 1812//3 1814//3
f 1814//3 1816//3 1815//3
f 1815//3 1816//3 1818//3
f 1818//3 1820//3 1819//3
f 1820//3 1822//3 1821//3
f 1821//3 1822//3 1824//3
f 1824//3 1826//3 1825//3
f 1825//3 1826//3 1828//3
f 1828//3 1830//3 1829//3
f 1829//3 1830//3 1832//3
f 1832//3 1834//3 1833//3
f 1833//3 1834//3 1836//3
f 1836//3 1838//3 1837//3
f 1837//3 1838//3 1840//3
f 1840//3 1842//3 1841//3
f 1842//3 1844//3 1843//3
f 1843//3 1844//3 1846//3
f 1845//3 1846//3 1848//3
f 1848//3 1850//3 1849//3
f 1849//3 1850//3 1852//3
f 1851//3 1852//3 1854//3
f 1853//3 1854//3 1856//3
f 1855//3 1856//3 1858//3
f 1858//3 1860//3 1859//3
f 1859//3 1860//3 1862//3
f 1862//3 1864//3 1863//3
f 1863//3 1864//3 1866//3
f 1866//3 1868//3 1867//3
f 1868//3 1870//3 1869//3
f 1869//3 1870//3 1872//3
f 1872//3 1874//3 1873//3
f 1873//3 1874//3 1876//3
f 1875//3 1876//3 1878//3
f 1877//3 1878//3 1880//3
f 1879//3 1880//3 1882//3
f 1881//3 1882//3 1884//3
f 1884//3 1886//3 1885//3
f 1885//3 1886//3 1888//3
f 1888//3 1890//3 1889//3
f 1889//3 1890//3 1892//3
f 1891//3 1892//3 1894//3
f 1894//3 1896//3 1895//3
f 1895//3 1896//3 1898//3
f 1898//3 1900//3 1899//3
f 1899//3 1900//3 1902//3
f 1902//3 1904//3 1903//3
f 1903//3 1904//3 1906//3
f 1905//3 1906//3 1908//3
f 1908//3 1910//3 1909//3
f 1910//3 1912//3 1911//3
f 1911//3 1912//3 1914//3
f 1914//3 1916//3 1915//3
f 1916//3 1918//3 1917//3
f 1918//3 1920//3 1919//3
f 1919//3 1920//3 1922//3
f 1922//3 1924//3 1923//3
f 1923//3 1924//3 1926//3
f 1926//3 1928//3 1927//3
f 1927//3 1928//3 1930//3
f 1930//3 1932//3 1931//3
f 1931//3 1932//3 1934//3
f 1934//3 1936//3 1935//3
f 1935//3 1936//3 1938//3
f 1938//3 1940//3 1939//3
f 1939//3 1940//3 1942//3
f 1942//3 1944//3 1943//3
f 1944//3 1946//3 1945//3
f 1945//3 1946//3 1948//3
f 1948//3 1950//3 1949//3
f 1950//3 1952//3 1951//3
f 1951//3 1952//3 1954//3
f 1953//3 1954//3 1956//3
f 1956//3 1958//3 1957//3
f 1957//3 1958//3 1960//3
f 1960//3 1962//3 1961//3
f 1961//3 1962//3 1964//3
f 1964//3 1966//3 1965//3
f 1965//3 1966//3 1968//3
f 1967//3 1968//3 1970//3
f 1970//3 1972//3 1971//3
f 1972//3 1974//3 1973//3
f 1973//3 1974//3 1976//3
f 1976//3 1978//3 1977//3
f 1977//3 1978//3 1980//3
f 1979//3 1980//3 1982//3
f 1982//3 1984//3 1983//3
f 1983//3 1984//3 1986//3
f 1986//3 1988//3 1987//3
f 1987//3 1988//3 1990//3
f 1989//3 1990//3 1992//3
f 1992//3 1994//3 1993//3
f 1993//3 1994//3 1996//3
f 1996//3 1998//3 1997//3
f 1998//3 2000//3 1999//3
f 1999//3 2000//3 2002//3
f 2002//3 2004//3 2003//3
f 2004//3 2006//3 2005//3
f 2005//3 2006//3 2008//3
f 2008//3 2010//3 2009//3
f 2009//3 2010//3 2012//3
f 2011//3 2012//3 2014//3
f 2014//3 2016//3 2015//3
f 2015//3 2016//3 2018//3
f 2018//3 2020//3 2019//3
f 2019//3 2020//3 2022//3
f 2022//3 2024//3 2023//3
f 2024//3 2026//3 2025//3
f 2026//3 2028//3 2027//3
f 2027//3 2028//3 2030//3
f 2030//3 2032//3 2031//3
f 2031//3 2032//3 2034//3
f 2033//3 2034//3 2036//3
f 2036//3 2038//3 2037//3
f 2037//3 2038//3 2040//3
f 2040//3 2042//3 2041//3
f 2041//3 2042//3 2044//3
f 2044//3 2046//3 2045//3
f 2046//3 2048//3 2047//3
f 2047//3 2048//3 2050//3
f 2050//3 2052//3 2051//3
f 2052//3 2054//3 2053//3
f 2054//3 2056//3 2055//3
f 2055//3 2056//3 2058//3
f 2057//3 2058//3 2060//3
f 2060//3 2062//3 2061//3
f 2061//3 2062//3 2064//3
f 2064//3 2066//3 2065//3
f 2065//3 2066//3 2068//3
f 2068//3 2070//3 2069//3
f 2069//3 2070//3 2072//3
f 2071//3 2072//3 2074//3
f 2074//3 2076//3 2075//3
f 2075//3 2076//3 2078//3
f 2078//3 2080//3 2079//3
f 2080//3 2082//3 2081//3
f 2081//3 2082//3 2084//3
f 2084//3 2086//3 2085//3
f 2085//3 2086//3 2088//3
f 2088//3 2090//3 2089//3
f 2089//3 2090//3 2092//3
f 2091//3 2092//3 2094//3
f 2094//3 2096//3 2095//3
f 2096//3 2098//3 2097//3
f 2097//3 2098//3 2100//3
f 2100//3 2102//3 2101//3
f 2101//3 2102//3 2104//3
f 2103//3 2104//3 2106//3
f 2106//3 2108//3 2107//3
f 2108//3 2110//3 2109//3
f 2110//3 2112//3 2111//3
f 2111//3 2112//3 2114//3
f 2114//3 2116//3 2115//3
f 2115//3 2116//3 2118//3
f 2117//3 2118//3 2120//3
f 2120//3 2122//3 2121//3
f 2122//3 2124//3 2123//3
f 2123//3 2124//3 2126//3
f 2125//3 2126//3 2128//3
f 2128//3 2130//3 2129//3
f 2129//3 2130//3 2132//3
f 2132//3 2134//3 2133//3
f 2133//3 2134//3 2136//3
f 2136//3 2138//3 2137//3
f 2137//3 2138//3 2140//3
f 2139//3 2140//3 2142//3
f 2142//3 2144//3 2143//3
f 2143//3 2144//3 2146//3
f 2145//3 2146//3 2148//3
f 2148//3 2150//3 2149//3
f 2149//3 2150//3 2152//3
f 2151//3 2152//3 2154//3
f 2153//3 2154//3 2156//3
f 2155//3 2156//3 2158//3
f 2158//3 2160//3 2159//3
f 2160//3 2162//3 2161//3
f 2162//3 2164//3 2163//3
f 2164//3 2166//3 2165//3
f 2165//3 2166//3 2168//3
f 2168//3 2170//3 2169//3
f 2169//3 2170//3 2172//3
f 2172//3 2174//3 2173//3
f 2174//3 2176//3 2175//3
f 2176//3 2178//3 2177//3
f 2178//3 2180//3 2179//3
f 2180//3 2182//3 2181//3
f 2182//3 2184//3 2183//3
f 2184//3 2186//3 2185//3
f 2186//3 2188//3 2187//3
f 2188//3 2190//3 2189//3
f 2190//3 2192//3 2191//3
f 2192//3 2194//3 2193//3
f 2194//3 2196//3 2195//3
f 2196//3 2198//3 2197//3
f 2198//3 2200//3 2199//3
f 2200//3 2202//3 2201//3
f 2202//3 2204//3 2203//3
f 2204//3 2206//3 2205//3
f 2206//3 2208//3 2207//3
f 2208//3 2210//3 2209//3
f 2210//3 2212//3 2211//3
f 2212//3 2214//3 2213//3
f 2214//3 2216//3 2215//3
f 2216//3 2218//3 2217//3
f 2218//3 2220//3 2219//3
f 2220//3 2222//3 2221//3
f 2222//3 2224//3 2223//3
f 2224//3 2226//3 2225//3
f 2226//3 2228//3 2227//3
f 2228//3 2230//3 2229//3
f 2230//3 2232//3 2231//3
f 2232//3 2234//3 2233//3
f 2234//3 2236//3 2235//3
f 2236//3 2238//3 2237//3
f 2238//3 2240//3 2239//3
f 2240//3 2242//3 2241//3
f 2242//3 2244//3 2243//3
f 2244//3 2246//3 2245//3
f 2246//3 2248//3 2247//3
f 2248//3 2250//3 2249//3
f 2250//3 2252//3 2251//3
f 2252//3 2254//3 2253//3
f 2254//3 2256//3 2255//3
f 2256//3 2258//3 2257//3
f 2258//3 2260//3 2259//3
f 2260//3 2262//3 2261//3
f 2262//3 2264//3 2263//3
f 2264//3 2266//3 2265//3
f 2266//3 2268//3 2267//3
f 2268//3 2270//3 2269//3
f 2270//3 2272//3 2271//3
f 2272//3 2274//3 2273//3
f 2274//3 2276//3 2275//3
f 2276//3 2278//3 2277//3
f 2278//3 2280//3 2279//3
f 2280//3 2282//3 2281//3
f 2282//3 2284//3 2283//3
f 2284//3 2286//3 2285//3
f 2286//3 2288//3 2287//3
f 2288//3 2290//3 2289//3
f 2290//3 2292//3 2291//3
f 2292//3 2294//3 2293//3
f 2294//3 2296//3 2295//3
f 2296//3 2298//3 2297//3
f 2298//3 2300//3 2299//3
f 2300//3 2302//3 2301//3
f 2302//3 2304//3 2303//3
f 2304//3 2306//3 2305//3
f 2306//3 2308//3 2307//3
f 2308//3 2310//3 2309//3
f 2310//3 2312//3 2311//3
f 2312//3 2314//3 2313//3
f 2314//3 2316//3 2315//3
f 2316//3 2318//3 2317//3
f 2318//3 2320//3 2319//3
f 2320//3 2322//3 2321//3
f 2322//3 2324//3 2323//3
f 2324//3 2326//3 2325//3
f 2326//3 2328//3 2327//3
f 2328//3 2330//3 2329//3
f 2330//3 2332//3 2331//3
o lane_tape_3
v -3.009000 2.023800 0.004000
v -3.009000 1.922200 0.004000
v -2.959000 2.023800 0.004000
v -2.959000 1.922200 0.004000
v -2.859000 2.023800 0.004000
v -2.859000 1.922200 0.004000
v -2.708000 2.023800 0.004000
v -2.708000 1.922200 0.004000
v -2.508000 2.023800 0.004000
v -2.508000 1.922200 0.004000
v -2.307000 2.023800 0.004000
v -2.307000 1.922200 0.004000
v -2.106000 2.023800 0.004000
v -2.106000 1.922200 0.004000
v -1.906000 2.023800 0.004000
v -1.906000 1.922200 0.004000
v -1.705000 2.023800 0.004000
v -1.705000 1.922200 0.004000
v -1.505000 2.023800 0.004000
v -1.505000 1.922200 0.004000
v -1.304000 2.023800 0.004000
v -1.304000 1.922200 0.004000
v -1.103000 2.023800 0.004000
v -1.103000 1.922200 0.004000
v -0.903000 2.023800 0.004000
v -0.903000 1.922200 0.004000
v -0.702000 2.023800 0.004000
v -0.702000 1.922200 0.004000
v -0.502000 2.023800 0.004000
v -0.502000 1.922200 0.004000
v -0.301000 2.023800 0.004000
v -0.301000 1.922200 0.004000
v -0.100000 2.023800 0.004000
v -0.100000 1.922200 0.004000
v 0.100000 2.023800 0.004000
v 0.100000 1.922200 0.004000
v 0.301000 2.023800 0.004000
v 0.301000 1.922200 0.004000
v 0.502000 2.023800 0.004000
v 0.502000 1.922200 0.004000
v 0.702000 2.023800 0.004000
v 0.702000 1.922200 0.004000
v 0.903000 2.023800 0.004000
v 0.903000 1.922200 0.004000
v 1.103000 2.023800 0.004000
v 1.103000 1.922200 0.004000
v 1.304000 2.023800 0.004000
v 1.304000 1.922200 0.004000
v 1.505000 2.023800 0.004000
v 1.505000 1.922200 0.004000
v 1.705000 2.023800 0.004000
v 1.705000 1.922200 0.004000
v 1.906000 2.023800 0.004000
v 1.906000 1.922200 0.004000
v 2.106000 2.023800 0.004000
v 2.106000 1.922200 0.004000
v 2.307000 2.023800 0.004000
v 2.307000 1.922200 0.004000
v 2.508000 2.023800 0.004000
v 2.508000 1.922200 0.004000
v 2.708000 2.023800 0.004000
v 2.708000 1.922200 0.004000
v 2.909000 2.023800 0.004000
v 2.909000 1.922200 0.004000
v 3.109000 2.023800 0.004000
v 3.109000 1.922200 0.004000
v 3.310000 2.023800 0.004000
v 3.310000 1.922200 0.004000
v 3.511000 2.023800 0.004000
v 3.511000 1.922200 0.004000
v 3.711000 2.023800 0.004000
v 3.711000 1.922200 0.004000
v 3.912000 2.023800 0.004000
v 3.912000 1.922200 0.004000
v 4.113000 2.023800 0.004000
v 4.113000 1.922200 0.004000
v 4.313000 2.023800 0.004000
v 4.313000 1.922200 0.004000
v 4.514000 2.023800 0.004000
v 4.514000 1.922200 0.004000
v 4.714000 2.023800 0.004000
v 4.714000 1.922200 0.004000
v 4.915000 2.023800 0.004000
v 4.915000 1.922200 0.004000
v 5.116000 2.023800 0.004000
v 5.116000 1.922200 0.004000
v 5.316000 2.023800 0.004000
v 5.316000 1.922200 0.004000
v 5.517000 2.023800 0.004000
v 5.517000 1.922200 0.004000
v 5.717000 2.023800 0.004000
v 5.717000 1.922200 0.004000
v 5.918000 2.023800 0.004000
v 5.918000 1.922200 0.004000
v 6.119000 2.023800 0.004000
v 6.119000 1.922200 0.004000
v 6.319000 2.023800 0.004000
v 6.319000 1.922200 0.004000
v 6.520000 2.023800 0.004000
v 6.520000 1.922200 0.004000
v 6.720000 2.023800 0.004000
v 6.720000 1.922200 0.004000
v 6.921000 2.023800 0.004000
v 6.921000 1.922200 0.004000
v 7.122000 2.023800 0.004000
v 7.122000 1.922200 0.004000
v 7.322000 2.023800 0.004000
v 7.322000 1.922200 0.004000
v 7.523000 2.023800 0.004000
v 7.523000 1.922200 0.004000
v 7.724000 2.023800 0.004000
v 7.724000 1.922200 0.004000
v 7.924000 2.023800 0.004000
v 7.924000 1.922200 0.004000
v 8.125000 2.023800 0.004000
v 8.125000 1.922200 0.004000
v 8.325000 2.023800 0.004000
v 8.325000 1.922200 0.004000
v 8.526000 2.023800 0.004000
v 8.526000 1.922200 0.004000
v 8.727000 2.023800 0.004000
v 8.727000 1.922200 0.004000
v 8.927000 2.023800 0.004000
v 8.927000 1.922200 0.004000
v 9.128000 2.023800 0.004000
v 9.128000 1.922200 0.004000
v 9.328000 2.023800 0.004000
v 9.328000 1.922200 0.004000
v 9.529000 2.023800 0.004000
v 9.529000 1.922200 0.004000
v 9.730000 2.023800 0.004000
v 9.730000 1.922200 0.004000
v 9.930000 2.023800 0.004000
v 9.930000 1.922200 0.004000
v 10.131000 2.023800 0.004000
v 10.131000 1.922200 0.004000
v 10.331000 2.023800 0.004000
v 10.331000 1.922200 0.004000
v 10.532000 2.023800 0.004000
v 10.532000 1.922200 0.004000
v 10.733000 2.023800 0.004000
v 10.733000 1.922200 0.004000
v 10.933000 2.023800 0.004000
v 10.933000 1.922200 0.004000
v 11.134000 2.023800 0.004000
v 11.134000 1.922200 0.004000
v 11.335000 2.023800 0.004000
v 11.335000 1.922200 0.004000
v 11.535000 2.023800 0.004000
v 11.535000 1.922200 0.004000
v 11.736000 2.023800 0.004000
v 11.736000 1.922200 0.004000
v 11.936000 2.023800 0.004000
v 11.936000 1.922200 0.004000
v 12.137000 2.023800 0.004000
v 12.137000 1.922200 0.004000
v 12.338000 2.023800 0.004000
v 12.338000 1.922200 0.004000
v 12.538000 2.023800 0.004000
v 12.538000 1.922200 0.004000
v 12.739000 2.023800 0.004000
v 12.739000 1.922200 0.004000
v 12.990000 2.023800 0.004000
v 12.990000 1.922200 0.004000
v 13.290000 2.023800 0.004000
v 13.290000 1.922200 0.004000
v 13.642000 2.023800 0.004000
v 13.642000 1.922200 0.004000
v 14.044162 2.023787 0.004000
v 14.041838 1.922213 0.004000
v 14.389038 2.006639 0.004000
v 14.380961 1.905361 0.004000
v 14.678256 1.973125 0.004000
v 14.661744 1.872875 0.004000
v 14.909609 1.920654 0.004000
v 14.880391 1.823346 0.004000
v 15.083286 1.851573 0.004000
v 15.042713 1.758427 0.004000
v 15.244127 1.775230 0.004000
v 15.197872 1.684770 0.004000
v 15.398048 1.690613 0.004000
v 15.345951 1.603387 0.004000
v 15.543112 1.596631 0.004000
v 15.484888 1.513369 0.004000
v 15.678937 1.494293 0.004000
v 15.617064 1.413707 0.004000
v 15.812680 1.389712 0.004000
v 15.749320 1.310288 0.004000
v 15.947407 1.280121 0.004000
v 15.882593 1.201879 0.004000
v 16.082085 1.166550 0.004000
v 16.015917 1.089450 0.004000
v 16.216801 1.048923 0.004000
v 16.149199 0.973077 0.004000
v 16.359556 0.919235 0.004000
v 16.290443 0.844765 0.004000
v 16.510202 0.776625 0.004000
v 16.439796 0.703375 0.004000
v 16.669699 0.621142 0.004000
v 16.598301 0.548858 0.004000
v 16.837822 0.452997 0.004000
v 16.764177 0.383003 0.004000
v 16.998503 0.275140 0.004000
v 16.921497 0.208860 0.004000
v 17.150070 0.090225 0.004000
v 17.069929 0.027775 0.004000
v 17.294573 -0.104804 0.004000
v 17.211428 -0.163196 0.004000
v 17.428673 -0.306438 0.004000
v 17.343327 -0.361562 0.004000
v 17.555475 -0.508721 0.004000
v 17.468525 -0.561279 0.004000
v 17.673302 -0.711142 0.004000
v 17.584698 -0.760858 0.004000
v 17.782049 -0.912521 0.004000
v 17.691952 -0.959479 0.004000
v 17.884495 -1.116533 0.004000
v 17.791506 -1.157467 0.004000
v 17.969204 -1.337968 0.004000
v 17.872797 -1.370032 0.004000
v 18.037384 -1.576087 0.004000
v 17.938616 -1.599913 0.004000
v 18.088144 -1.830868 0.004000
v 17.987856 -1.847132 0.004000
v 18.122486 -2.100357 0.004000
v 18.021515 -2.111643 0.004000
v 18.144646 -2.336041 0.004000
v 18.043354 -2.343959 0.004000
v 18.156769 -2.539207 0.004000
v 18.055231 -2.542794 0.004000
v 18.157782 -2.709350 0.004000
v 18.056217 -2.706650 0.004000
v 18.148655 -2.845835 0.004000
v 18.047344 -2.838165 0.004000
v 18.138586 -2.963662 0.004000
v 18.037415 -2.954338 0.004000
v 18.128473 -3.064760 0.004000
v 18.027527 -3.053240 0.004000
v 18.117270 -3.150324 0.004000
v 18.016731 -3.135676 0.004000
v 18.106188 -3.217865 0.004000
v 18.005812 -3.202135 0.004000
v 18.096243 -3.284499 0.004000
v 17.995756 -3.269501 0.004000
v 18.086235 -3.351554 0.004000
v 17.985765 -3.336446 0.004000
v 18.076290 -3.417184 0.004000
v 17.975710 -3.402816 0.004000
v 18.067348 -3.483763 0.004000
v 17.966652 -3.470237 0.004000
v 18.058395 -3.550394 0.004000
v 17.957603 -3.537606 0.004000
v 18.050486 -3.616651 0.004000
v 17.949514 -3.605349 0.004000
v 18.043526 -3.683279 0.004000
v 17.942474 -3.672721 0.004000
v 18.036562 -3.749906 0.004000
v 17.935438 -3.740094 0.004000
v 18.030560 -3.816942 0.004000
v 17.929441 -3.807058 0.004000
v 18.023560 -3.882942 0.004000
v 17.922441 -3.873058 0.004000
v 18.017630 -3.949156 0.004000
v 17.916370 -3.940844 0.004000
v 18.012562 -4.016905 0.004000
v 17.911438 -4.007095 0.004000
v 18.004396 -4.085393 0.004000
v 17.903605 -4.072607 0.004000
v 17.995243 -4.153499 0.004000
v 17.894756 -4.138501 0.004000
v 17.984068 -4.221593 0.004000
v 17.883932 -4.204407 0.004000
v 17.972004 -4.288956 0.004000
v 17.871996 -4.271044 0.004000
v 17.959993 -4.356021 0.004000
v 17.860008 -4.337979 0.004000
v 17.948057 -4.421657 0.004000
v 17.847942 -4.404343 0.004000
v 17.937128 -4.488231 0.004000
v 17.836872 -4.471769 0.004000
v 17.926067 -4.555593 0.004000
v 17.825932 -4.538407 0.004000
v 17.913870 -4.623676 0.004000
v 17.814131 -4.604324 0.004000
v 17.899727 -4.691391 0.004000
v 17.800274 -4.670609 0.004000
v 17.885572 -4.759099 0.004000
v 17.786427 -4.736901 0.004000
v 17.869411 -4.826799 0.004000
v 17.770590 -4.803201 0.004000
v 17.853390 -4.893883 0.004000
v 17.754610 -4.870117 0.004000
v 17.837391 -4.959884 0.004000
v 17.738609 -4.936116 0.004000
v 17.821325 -5.027148 0.004000
v 17.722673 -5.002852 0.004000
v 17.804239 -5.094493 0.004000
v 17.705761 -5.069507 0.004000
v 17.787151 -5.161838 0.004000
v 17.688848 -5.136162 0.004000
v 17.768967 -5.229521 0.004000
v 17.671032 -5.202479 0.004000
v 17.749777 -5.297196 0.004000
v 17.652224 -5.268804 0.004000
v 17.729845 -5.363956 0.004000
v 17.632154 -5.336044 0.004000
v 17.712128 -5.428928 0.004000
v 17.613873 -5.403072 0.004000
v 17.695410 -5.494800 0.004000
v 17.596590 -5.471200 0.004000
v 17.680651 -5.560745 0.004000
v 17.581350 -5.539255 0.004000
v 17.666725 -5.627390 0.004000
v 17.567274 -5.606609 0.004000
v 17.652651 -5.694746 0.004000
v 17.553350 -5.673254 0.004000
v 17.637650 -5.761746 0.004000
v 17.538349 -5.740254 0.004000
v 17.623652 -5.828745 0.004000
v 17.524349 -5.807255 0.004000
v 17.608475 -5.896532 0.004000
v 17.509525 -5.873468 0.004000
v 17.592304 -5.963234 0.004000
v 17.493694 -5.938766 0.004000
v 17.575151 -6.030838 0.004000
v 17.476849 -6.005162 0.004000
v 17.556967 -6.098520 0.004000
v 17.459032 -6.071479 0.004000
v 17.537678 -6.166530 0.004000
v 17.440323 -6.137470 0.004000
v 17.516577 -6.233863 0.004000
v 17.419422 -6.204137 0.004000
v 17.496576 -6.300863 0.004000
v 17.399424 -6.271137 0.004000
v 17.475370 -6.368522 0.004000
v 17.378630 -6.337478 0.004000
v 17.453230 -6.435956 0.004000
v 17.356771 -6.404044 0.004000
v 17.431120 -6.502281 0.004000
v 17.334879 -6.469718 0.004000
v 17.408049 -6.569494 0.004000
v 17.311953 -6.536506 0.004000
v 17.385048 -6.636495 0.004000
v 17.288952 -6.603506 0.004000
v 17.362047 -6.703494 0.004000
v 17.265953 -6.670506 0.004000
v 17.338938 -6.770813 0.004000
v 17.243063 -6.737187 0.004000
v 17.314825 -6.838131 0.004000
v 17.219175 -6.803869 0.004000
v 17.290825 -6.905131 0.004000
v 17.195175 -6.870869 0.004000
v 17.266783 -6.972245 0.004000
v 17.171217 -6.937755 0.004000
v 17.242783 -7.038245 0.004000
v 17.147217 -7.003755 0.004000
v 17.218937 -7.104813 0.004000
v 17.123062 -7.071187 0.004000
v 17.195936 -7.171813 0.004000
v 17.100063 -7.138186 0.004000
v 17.171824 -7.239131 0.004000
v 17.076176 -7.204869 0.004000
v 17.147823 -7.306131 0.004000
v 17.052176 -7.271869 0.004000
v 17.123711 -7.373446 0.004000
v 17.028290 -7.338554 0.004000
v 17.098551 -7.440876 0.004000
v 17.003448 -7.405123 0.004000
v 17.073551 -7.506876 0.004000
v 16.978449 -7.471123 0.004000
v 17.048710 -7.573446 0.004000
v 16.953289 -7.538554 0.004000
v 17.024710 -7.640446 0.004000
v 16.929289 -7.605554 0.004000
v 16.999596 -7.707759 0.004000
v 16.904406 -7.672241 0.004000
v 16.974478 -7.775070 0.004000
v 16.879522 -7.738930 0.004000
v 16.948359 -7.842378 0.004000
v 16.853642 -7.805622 0.004000
v 16.922117 -7.909987 0.004000
v 16.827883 -7.872013 0.004000
v 16.893564 -7.978307 0.004000
v 16.800436 -7.937694 0.004000
v 16.863436 -8.044600 0.004000
v 16.770563 -8.003401 0.004000
v 16.834747 -8.110885 0.004000
v 16.741253 -8.071115 0.004000
v 16.806871 -8.177588 0.004000
v 16.713129 -8.138412 0.004000
v 16.778872 -8.244588 0.004000
v 16.685129 -8.205412 0.004000
v 16.750996 -8.311289 0.004000
v 16.657005 -8.272711 0.004000
v 16.724117 -8.377988 0.004000
v 16.629883 -8.340012 0.004000
v 16.697119 -8.444988 0.004000
v 16.602882 -8.407012 0.004000
v 16.670191 -8.511806 0.004000
v 16.575809 -8.474195 0.004000
v 16.644312 -8.577498 0.004000
v 16.549688 -8.540502 0.004000
v 16.618238 -8.644684 0.004000
v 16.523760 -8.607316 0.004000
v 16.591240 -8.711684 0.004000
v 16.496761 -8.674316 0.004000
v 16.565239 -8.778685 0.004000
v 16.470760 -8.741316 0.004000
v 16.538118 -8.845987 0.004000
v 16.443882 -8.808012 0.004000
v 16.510996 -8.913288 0.004000
v 16.417004 -8.874711 0.004000
v 16.482944 -8.980413 0.004000
v 16.389055 -8.941586 0.004000
v 16.455944 -9.046413 0.004000
v 16.362055 -9.007586 0.004000
v 16.427872 -9.113588 0.004000
v 16.334129 -9.074412 0.004000
v 16.399996 -9.180289 0.004000
v 16.306005 -9.141710 0.004000
v 16.373240 -9.246685 0.004000
v 16.278761 -9.209315 0.004000
v 16.347359 -9.313378 0.004000
v 16.252642 -9.276622 0.004000
v 16.321239 -9.380684 0.004000
v 16.226761 -9.343316 0.004000
v 16.294239 -9.447684 0.004000
v 16.199760 -9.410316 0.004000
v 16.268068 -9.515110 0.004000
v 16.173931 -9.476890 0.004000
v 16.239944 -9.581413 0.004000
v 16.146055 -9.542586 0.004000
v 16.213118 -9.647988 0.004000
v 16.118881 -9.610012 0.004000
v 16.186117 -9.714988 0.004000
v 16.091883 -9.677011 0.004000
v 16.159359 -9.781378 0.004000
v 16.064640 -9.744622 0.004000
v 16.134478 -9.848069 0.004000
v 16.039522 -9.811931 0.004000
v 16.108595 -9.914759 0.004000
v 16.013405 -9.879241 0.004000
v 16.084709 -9.981447 0.004000
v 15.989290 -9.946553 0.004000
v 16.059551 -10.048876 0.004000
v 15.964449 -10.013124 0.004000
v 16.034552 -10.114876 0.004000
v 15.939449 -10.079123 0.004000
v 16.009825 -10.181131 0.004000
v 15.914176 -10.146869 0.004000
v 15.987048 -10.247494 0.004000
v 15.890952 -10.214506 0.004000
v 15.964157 -10.314172 0.004000
v 15.867843 -10.281828 0.004000
v 15.942474 -10.380194 0.004000
v 15.845526 -10.349806 0.004000
v 15.922577 -10.446863 0.004000
v 15.825423 -10.417137 0.004000
v 15.901475 -10.514194 0.004000
v 15.804525 -10.483807 0.004000
v 15.880337 -10.581627 0.004000
v 15.783664 -10.550373 0.004000
v 15.858336 -10.647628 0.004000
v 15.761663 -10.616372 0.004000
v 15.837371 -10.714522 0.004000
v 15.740629 -10.683478 0.004000
v 15.815371 -10.781522 0.004000
v 15.718630 -10.750479 0.004000
v 15.794371 -10.848522 0.004000
v 15.697630 -10.817478 0.004000
v 15.772157 -10.916172 0.004000
v 15.675843 -10.883828 0.004000
v 15.749265 -10.982848 0.004000
v 15.652736 -10.951152 0.004000
v 15.728442 -11.049297 0.004000
v 15.631558 -11.018703 0.004000
v 15.707647 -11.114631 0.004000
v 15.610353 -11.085369 0.004000
v 15.688873 -11.180860 0.004000
v 15.591127 -11.153140 0.004000
v 15.669968 -11.247521 0.004000
v 15.572033 -11.220479 0.004000
v 15.652061 -11.314180 0.004000
v 15.553940 -11.287820 0.004000
v 15.634151 -11.380837 0.004000
v 15.535849 -11.355163 0.004000
v 15.617151 -11.447838 0.004000
v 15.518849 -11.422162 0.004000
v 15.599060 -11.515181 0.004000
v 15.500939 -11.488819 0.004000
v 15.581036 -11.582273 0.004000
v 15.482965 -11.555727 0.004000
v 15.562845 -11.648955 0.004000
v 15.465155 -11.621044 0.004000
v 15.542577 -11.716864 0.004000
v 15.445423 -11.687137 0.004000
v 15.521678 -11.783530 0.004000
v 15.424322 -11.754470 0.004000
v 15.502872 -11.849859 0.004000
v 15.405128 -11.822141 0.004000
v 15.483968 -11.916521 0.004000
v 15.386032 -11.889479 0.004000
v 15.466240 -11.982493 0.004000
v 15.367761 -11.957506 0.004000
v 15.450240 -12.049494 0.004000
v 15.351760 -12.024507 0.004000
v 15.431941 -12.117615 0.004000
v 15.334059 -12.090384 0.004000
v 15.412846 -12.183956 0.004000
v 15.315155 -12.156044 0.004000
v 15.393678 -12.251531 0.004000
v 15.296323 -12.222469 0.004000
v 15.372577 -12.318863 0.004000
v 15.275423 -12.289137 0.004000
v 15.352777 -12.385197 0.004000
v 15.255224 -12.356804 0.004000
v 15.333873 -12.451859 0.004000
v 15.236127 -12.424141 0.004000
v 15.314967 -12.518520 0.004000
v 15.217032 -12.491479 0.004000
v 15.296942 -12.585615 0.004000
v 15.199059 -12.558385 0.004000
v 15.277648 -12.652631 0.004000
v 15.180352 -12.623369 0.004000
v 15.256474 -12.720194 0.004000
v 15.159525 -12.689807 0.004000
v 15.235265 -12.787848 0.004000
v 15.138736 -12.756152 0.004000
v 15.212157 -12.855172 0.004000
v 15.115843 -12.822827 0.004000
v 15.190157 -12.922172 0.004000
v 15.093843 -12.889828 0.004000
v 15.167048 -12.989494 0.004000
v 15.070952 -12.956506 0.004000
v 15.144157 -13.056172 0.004000
v 15.047843 -13.023828 0.004000
v 15.122120 -13.123281 0.004000
v 15.025880 -13.090718 0.004000
v 15.099229 -13.188956 0.004000
v 15.002770 -13.157044 0.004000
v 15.078371 -13.255522 0.004000
v 14.981629 -13.224479 0.004000
v 15.056475 -13.322193 0.004000
v 14.959525 -13.291806 0.004000
v 15.036474 -13.389194 0.004000
v 14.939526 -13.358807 0.004000
v 15.014371 -13.456522 0.004000
v 14.917629 -13.425478 0.004000
v 14.993371 -13.523521 0.004000
v 14.896629 -13.492478 0.004000
v 14.971265 -13.590848 0.004000
v 14.874735 -13.559152 0.004000
v 14.949121 -13.658281 0.004000
v 14.852880 -13.625719 0.004000
v 14.926120 -13.724281 0.004000
v 14.829880 -13.691719 0.004000
v 14.904157 -13.791172 0.004000
v 14.807843 -13.758828 0.004000
v 14.881157 -13.858172 0.004000
v 14.784842 -13.825828 0.004000
v 14.859264 -13.924849 0.004000
v 14.762735 -13.893151 0.004000
v 14.837371 -13.991522 0.004000
v 14.740629 -13.960478 0.004000
v 14.816475 -14.058193 0.004000
v 14.719525 -14.027806 0.004000
v 14.795677 -14.124531 0.004000
v 14.698322 -14.095469 0.004000
v 14.776845 -14.190956 0.004000
v 14.679154 -14.163044 0.004000
v 14.757846 -14.256956 0.004000
v 14.660154 -14.229044 0.004000
v 14.738968 -14.323521 0.004000
v 14.641032 -14.296479 0.004000
v 14.721061 -14.390181 0.004000
v 14.622940 -14.363820 0.004000
v 14.703239 -14.456493 0.004000
v 14.604760 -14.431506 0.004000
v 14.687492 -14.522449 0.004000
v 14.588507 -14.499550 0.004000
v 14.672726 -14.588390 0.004000
v 14.573274 -14.567610 0.004000
v 14.659925 -14.654385 0.004000
v 14.560075 -14.635615 0.004000
v 14.647993 -14.720021 0.004000
v 14.548007 -14.701979 0.004000
v 14.636067 -14.786593 0.004000
v 14.535933 -14.769406 0.004000
v 14.625129 -14.853230 0.004000
v 14.524871 -14.836770 0.004000
v 14.614129 -14.920230 0.004000
v 14.513871 -14.903770 0.004000
v 14.603244 -14.986499 0.004000
v 14.502756 -14.971500 0.004000
v 14.594484 -15.051651 0.004000
v 14.493515 -15.040349 0.004000
v 14.588630 -15.117156 0.004000
v 14.487370 -15.108844 0.004000
v 14.583709 -15.183050 0.004000
v 14.482291 -15.176950 0.004000
v 14.580764 -15.247909 0.004000
v 14.479236 -15.244092 0.004000
v 14.578787 -15.314137 0.004000
v 14.477213 -15.311863 0.004000
v 14.577799 -15.380379 0.004000
v 14.476201 -15.379622 0.004000
v 14.577799 -15.446621 0.004000
v 14.476201 -15.447379 0.004000
v 14.578787 -15.512863 0.004000
v 14.477213 -15.515137 0.004000
v 14.580777 -15.579484 0.004000
v 14.479222 -15.582516 0.004000
v 14.582765 -15.646106 0.004000
v 14.481236 -15.649895 0.004000
v 14.585749 -15.712710 0.004000
v 14.484252 -15.717290 0.004000
v 14.588708 -15.777949 0.004000
v 14.487291 -15.784050 0.004000
v 14.593630 -15.843844 0.004000
v 14.492371 -15.852156 0.004000
v 14.599563 -15.910095 0.004000
v 14.498437 -15.919905 0.004000
v 14.606396 -15.975606 0.004000
v 14.505604 -15.988394 0.004000
v 14.616243 -16.041500 0.004000
v 14.515757 -16.056499 0.004000
v 14.626187 -16.108135 0.004000
v 14.525812 -16.123865 0.004000
v 14.637057 -16.174343 0.004000
v 14.536942 -16.191656 0.004000
v 14.648993 -16.239979 0.004000
v 14.549007 -16.258020 0.004000
v 14.660938 -16.306683 0.004000
v 14.561062 -16.325317 0.004000
v 14.673800 -16.372967 0.004000
v 14.574201 -16.393034 0.004000
v 14.687726 -16.439610 0.004000
v 14.588274 -16.460390 0.004000
v 14.701651 -16.506254 0.004000
v 14.602349 -16.527746 0.004000
v 14.716573 -16.572901 0.004000
v 14.617427 -16.595098 0.004000
v 14.731493 -16.639549 0.004000
v 14.632507 -16.662449 0.004000
v 14.747391 -16.706118 0.004000
v 14.648609 -16.729883 0.004000
v 14.763391 -16.772118 0.004000
v 14.664610 -16.795883 0.004000
v 14.779410 -16.839201 0.004000
v 14.680590 -16.862801 0.004000
v 14.795326 -16.905853 0.004000
v 14.696673 -16.930147 0.004000
v 14.812240 -16.972507 0.004000
v 14.713760 -16.997494 0.004000
v 14.829151 -17.039162 0.004000
v 14.730849 -17.064838 0.004000
v 14.847151 -17.106163 0.004000
v 14.748849 -17.131838 0.004000
v 14.864151 -17.173162 0.004000
v 14.765849 -17.198837 0.004000
v 14.882035 -17.239727 0.004000
v 14.783964 -17.266273 0.004000
v 14.900127 -17.306072 0.004000
v 14.801872 -17.331928 0.004000
v 14.917151 -17.373161 0.004000
v 14.818849 -17.398838 0.004000
v 14.935061 -17.439819 0.004000
v 14.836940 -17.466181 0.004000
v 14.953060 -17.506819 0.004000
v 14.854939 -17.533180 0.004000
v 14.971151 -17.574162 0.004000
v 14.872849 -17.599838 0.004000
v 14.988152 -17.641163 0.004000
v 14.889849 -17.666838 0.004000
v 15.006151 -17.708162 0.004000
v 14.907849 -17.733837 0.004000
v 15.023305 -17.775766 0.004000
v 14.924695 -17.800234 0.004000
v 15.039391 -17.842117 0.004000
v 14.940609 -17.865883 0.004000
v 15.055326 -17.908852 0.004000
v 14.956674 -17.933147 0.004000
v 15.072061 -17.974819 0.004000
v 14.973940 -18.001181 0.004000
v 15.090873 -18.041140 0.004000
v 14.993127 -18.068859 0.004000
v 15.109776 -18.107803 0.004000
v 15.012224 -18.136196 0.004000
v 15.129678 -18.174469 0.004000
v 15.032323 -18.203531 0.004000
v 15.149648 -18.241369 0.004000
v 15.052353 -18.270630 0.004000
v 15.169747 -18.307705 0.004000
v 15.072252 -18.336294 0.004000
v 15.188968 -18.375479 0.004000
v 15.091032 -18.402521 0.004000
v 15.206873 -18.442141 0.004000
v 15.109127 -18.469860 0.004000
v 15.226776 -18.508804 0.004000
v 15.129224 -18.537195 0.004000
v 15.245678 -18.575470 0.004000
v 15.148322 -18.604530 0.004000
v 15.266577 -18.642138 0.004000
v 15.169423 -18.671864 0.004000
v 15.286475 -18.708807 0.004000
v 15.189526 -18.739193 0.004000
v 15.308336 -18.775372 0.004000
v 15.211663 -18.806627 0.004000
v 15.329336 -18.841372 0.004000
v 15.232663 -18.872627 0.004000
v 15.351265 -18.908152 0.004000
v 15.254735 -18.939848 0.004000
v 15.373048 -18.974506 0.004000
v 15.276952 -19.007494 0.004000
v 15.396824 -19.040869 0.004000
v 15.301176 -19.075130 0.004000
v 15.420824 -19.107868 0.004000
v 15.325176 -19.142132 0.004000
v 15.444594 -19.174240 0.004000
v 15.349405 -19.209759 0.004000
v 15.470359 -19.240622 0.004000
v 15.375641 -19.277378 0.004000
v 15.496432 -19.307812 0.004000
v 15.401567 -19.344189 0.004000
v 15.521432 -19.373812 0.004000
v 15.426568 -19.410189 0.004000
v 15.547478 -19.440929 0.004000
v 15.452522 -19.477070 0.004000
v 15.572595 -19.508242 0.004000
v 15.477406 -19.543758 0.004000
v 15.597359 -19.574621 0.004000
v 15.502641 -19.611378 0.004000
v 15.624118 -19.641012 0.004000
v 15.529882 -19.678988 0.004000
v 15.650995 -19.707710 0.004000
v 15.557005 -19.746288 0.004000
v 15.678820 -19.774286 0.004000
v 15.585181 -19.813713 0.004000
v 15.706693 -19.839989 0.004000
v 15.613308 -19.880011 0.004000
v 15.735620 -19.906820 0.004000
v 15.642380 -19.947180 0.004000
v 15.764493 -19.973530 0.004000
v 15.671507 -20.014471 0.004000
v 15.794235 -20.039953 0.004000
v 15.701765 -20.082047 0.004000
v 15.825104 -20.106668 0.004000
v 15.732896 -20.149332 0.004000
v 15.855840 -20.173105 0.004000
v 15.764160 -20.216894 0.004000
v 15.888572 -20.239553 0.004000
v 15.797428 -20.284447 0.004000
v 15.921505 -20.306419 0.004000
v 15.830495 -20.351582 0.004000
v 15.954505 -20.372419 0.004000
v 15.863495 -20.417582 0.004000
v 15.987706 -20.439829 0.004000
v 15.896294 -20.484171 0.004000
v 16.019972 -20.507387 0.004000
v 15.928027 -20.550613 0.004000
v 16.050972 -20.574387 0.004000
v 15.959027 -20.617615 0.004000
v 16.082706 -20.640829 0.004000
v 15.991294 -20.685171 0.004000
v 16.115572 -20.707554 0.004000
v 16.024427 -20.752445 0.004000
v 16.148573 -20.774553 0.004000
v 16.057428 -20.819447 0.004000
v 16.181368 -20.841145 0.004000
v 16.090631 -20.886854 0.004000
v 16.215368 -20.907145 0.004000
v 16.124632 -20.952854 0.004000
v 16.248571 -20.974554 0.004000
v 16.157429 -21.019445 0.004000
v 16.281437 -21.041281 0.004000
v 16.190563 -21.086720 0.004000
v 16.315437 -21.108282 0.004000
v 16.224564 -21.153719 0.004000
v 16.348436 -21.175282 0.004000
v 16.257563 -21.220718 0.004000
v 16.382437 -21.242281 0.004000
v 16.291563 -21.287718 0.004000
v 16.415369 -21.309145 0.004000
v 16.324631 -21.354855 0.004000
v 16.449505 -21.375418 0.004000
v 16.358496 -21.420582 0.004000
v 16.481840 -21.443106 0.004000
v 16.390160 -21.486895 0.004000
v 16.514105 -21.510670 0.004000
v 16.421896 -21.553331 0.004000
v 16.544365 -21.578239 0.004000
v 16.451635 -21.619761 0.004000
v 16.574364 -21.645239 0.004000
v 16.481636 -21.686760 0.004000
v 16.604364 -21.712240 0.004000
v 16.511635 -21.753759 0.004000
v 16.634235 -21.778954 0.004000
v 16.541765 -21.821047 0.004000
v 16.665174 -21.845821 0.004000
v 16.572824 -21.888178 0.004000
v 16.695175 -21.911821 0.004000
v 16.602825 -21.954178 0.004000
v 16.725973 -21.978386 0.004000
v 16.634027 -22.021614 0.004000
v 16.757973 -22.045385 0.004000
v 16.666027 -22.088614 0.004000
v 16.788973 -22.112387 0.004000
v 16.697027 -22.155613 0.004000
v 16.820841 -22.179106 0.004000
v 16.729160 -22.222893 0.004000
v 16.852840 -22.246105 0.004000
v 16.761160 -22.289894 0.004000
v 16.884840 -22.313107 0.004000
v 16.793159 -22.356894 0.004000
v 16.916910 -22.380253 0.004000
v 16.825090 -22.423746 0.004000
v 16.948044 -22.446537 0.004000
v 16.855957 -22.489464 0.004000
v 16.979235 -22.513952 0.004000
v 16.886765 -22.556047 0.004000
v 17.009365 -22.581240 0.004000
v 16.916636 -22.622761 0.004000
v 17.039494 -22.648529 0.004000
v 16.946507 -22.689470 0.004000
v 17.068747 -22.716116 0.004000
v 16.975254 -22.755884 0.004000
v 17.096872 -22.783413 0.004000
v 17.003128 -22.822588 0.004000
v 17.124996 -22.850710 0.004000
v 17.031004 -22.889290 0.004000
v 17.152069 -22.917889 0.004000
v 17.057932 -22.956110 0.004000
v 17.179192 -22.984194 0.004000
v 17.084808 -23.021807 0.004000
v 17.205359 -23.051622 0.004000
v 17.110641 -23.088379 0.004000
v 17.231478 -23.118931 0.004000
v 17.136522 -23.155069 0.004000
v 17.256710 -23.186554 0.004000
v 17.161289 -23.221447 0.004000
v 17.280594 -23.253241 0.004000
v 17.185406 -23.288759 0.004000
v 17.306240 -23.319317 0.004000
v 17.211761 -23.356684 0.004000
v 17.332945 -23.385588 0.004000
v 17.239056 -23.424412 0.004000
v 17.360819 -23.451286 0.004000
v 17.267181 -23.490713 0.004000
v 17.388872 -23.518412 0.004000
v 17.295128 -23.557589 0.004000
v 17.416872 -23.585411 0.004000
v 17.323128 -23.624588 0.004000
v 17.445118 -23.653013 0.004000
v 17.350882 -23.690987 0.004000
v 17.471359 -23.720621 0.004000
v 17.376640 -23.757378 0.004000
v 17.497358 -23.787622 0.004000
v 17.402641 -23.824379 0.004000
v 17.523239 -23.854317 0.004000
v 17.428761 -23.891684 0.004000
v 17.549820 -23.920286 0.004000
v 17.456181 -23.959713 0.004000
v 17.578566 -23.985693 0.004000
v 17.485435 -24.026306 0.004000
v 17.607620 -24.052820 0.004000
v 17.514380 -24.093180 0.004000
v 17.636747 -24.120115 0.004000
v 17.543253 -24.159883 0.004000
v 17.664871 -24.187412 0.004000
v 17.571129 -24.226587 0.004000
v 17.692871 -24.254412 0.004000
v 17.599129 -24.293589 0.004000
v 17.720995 -24.321711 0.004000
v 17.627005 -24.360289 0.004000
v 17.748240 -24.389317 0.004000
v 17.653761 -24.426683 0.004000
v 17.774433 -24.456812 0.004000
v 17.679567 -24.493189 0.004000
v 17.799667 -24.523438 0.004000
v 17.704332 -24.558561 0.004000
v 17.823824 -24.590870 0.004000
v 17.728176 -24.625132 0.004000
v 17.847937 -24.658186 0.004000
v 17.752064 -24.691814 0.004000
v 17.871157 -24.725828 0.004000
v 17.774843 -24.758173 0.004000
v 17.893156 -24.792828 0.004000
v 17.796843 -24.825172 0.004000
v 17.916157 -24.859827 0.004000
v 17.819843 -24.892172 0.004000
v 17.938229 -24.927044 0.004000
v 17.841770 -24.958956 0.004000
v 17.960230 -24.993044 0.004000
v 17.863771 -25.024956 0.004000
v 17.982265 -25.060152 0.004000
v 17.885735 -25.091848 0.004000
v 18.004265 -25.127151 0.004000
v 17.907736 -25.158848 0.004000
v 18.026264 -25.194151 0.004000
v 17.929735 -25.225849 0.004000
v 18.048157 -25.260828 0.004000
v 17.951843 -25.293173 0.004000
v 18.071157 -25.327827 0.004000
v 17.974842 -25.360172 0.004000
v 18.093266 -25.395153 0.004000
v 17.996735 -25.426847 0.004000
v 18.115229 -25.462044 0.004000
v 18.018770 -25.493956 0.004000
v 18.137337 -25.528372 0.004000
v 18.040663 -25.559628 0.004000
v 18.158474 -25.595806 0.004000
v 18.061525 -25.626194 0.004000
v 18.179777 -25.663805 0.004000
v 18.082224 -25.692196 0.004000
v 18.198240 -25.732506 0.004000
v 18.099760 -25.757494 0.004000
v 18.214651 -25.801254 0.004000
v 18.115349 -25.822744 0.004000
v 18.228067 -25.870407 0.004000
v 18.127932 -25.887594 0.004000
v 18.238297 -25.938868 0.004000
v 18.137703 -25.953133 0.004000
v 18.247391 -26.006559 0.004000
v 18.146610 -26.019442 0.004000
v 18.255436 -26.072933 0.004000
v 18.154564 -26.085068 0.004000
v 18.263525 -26.140720 0.004000
v 18.162476 -26.151279 0.004000
v 18.269630 -26.208843 0.004000
v 18.168371 -26.217157 0.004000
v 18.274658 -26.276220 0.004000
v 18.173342 -26.283781 0.004000
v 18.279709 -26.343973 0.004000
v 18.178289 -26.350027 0.004000
v 18.282749 -26.411728 0.004000
v 18.181252 -26.416273 0.004000
v 18.285765 -26.479107 0.004000
v 18.184235 -26.482893 0.004000
v 18.287794 -26.547237 0.004000
v 18.186205 -26.548763 0.004000
v 18.287800 -26.614000 0.004000
v 18.186199 -26.614000 0.004000
v 18.287794 -26.681757 0.004000
v 18.186205 -26.680243 0.004000
v 18.285778 -26.749516 0.004000
v 18.184223 -26.746485 0.004000
v 18.283764 -26.816895 0.004000
v 18.182236 -26.813105 0.004000
v 18.280748 -26.884272 0.004000
v 18.179251 -26.879728 0.004000
v 18.277750 -26.951271 0.004000
v 18.176250 -26.946728 0.004000
v 18.274731 -27.018669 0.004000
v 18.173269 -27.013330 0.004000
v 18.270683 -27.085430 0.004000
v 18.169315 -27.078569 0.004000
v 18.265629 -27.153156 0.004000
v 18.164370 -27.144844 0.004000
v 18.259598 -27.220531 0.004000
v 18.158403 -27.211468 0.004000
v 18.253525 -27.288279 0.004000
v 18.152475 -27.277721 0.004000
v 18.245396 -27.356394 0.004000
v 18.144604 -27.343607 0.004000
v 18.236187 -27.424866 0.004000
v 18.135813 -27.409134 0.004000
v 18.223869 -27.493677 0.004000
v 18.124130 -27.474323 0.004000
v 18.209784 -27.561108 0.004000
v 18.110216 -27.540894 0.004000
v 18.196785 -27.627108 0.004000
v 18.097216 -27.606894 0.004000
v 18.182798 -27.694035 0.004000
v 18.083200 -27.673965 0.004000
v 18.169870 -27.760675 0.004000
v 18.070129 -27.741323 0.004000
v 18.156799 -27.828033 0.004000
v 18.057201 -27.807966 0.004000
v 18.142651 -27.895746 0.004000
v 18.043350 -27.874254 0.004000
v 18.127411 -27.963800 0.004000
v 18.028589 -27.940201 0.004000
v 18.110239 -28.031492 0.004000
v 18.011761 -28.006508 0.004000
v 18.093035 -28.099274 0.004000
v 17.994965 -28.072727 0.004000
v 18.073647 -28.166632 0.004000
v 17.976353 -28.137369 0.004000
v 18.052370 -28.234522 0.004000
v 17.955629 -28.203478 0.004000
v 18.030157 -28.302172 0.004000
v 17.933844 -28.269829 0.004000
v 18.007265 -28.368849 0.004000
v 17.910736 -28.337152 0.004000
v 17.986576 -28.434864 0.004000
v 17.889423 -28.405136 0.004000
v 17.966873 -28.500860 0.004000
v 17.869127 -28.473141 0.004000
v 17.949217 -28.566582 0.004000
v 17.850782 -28.541418 0.004000
v 17.933218 -28.632582 0.004000
v 17.834784 -28.607418 0.004000
v 17.914873 -28.700859 0.004000
v 17.817127 -28.673140 0.004000
v 17.894474 -28.769194 0.004000
v 17.797525 -28.738806 0.004000
v 17.871937 -28.837814 0.004000
v 17.776064 -28.804186 0.004000
v 17.846594 -28.905760 0.004000
v 17.751406 -28.870241 0.004000
v 17.821594 -28.972759 0.004000
v 17.726406 -28.937241 0.004000
v 17.796478 -29.040070 0.004000
v 17.701523 -29.003929 0.004000
v 17.770313 -29.107498 0.004000
v 17.675688 -29.070501 0.004000
v 17.743944 -29.174414 0.004000
v 17.650055 -29.135588 0.004000
v 17.714493 -29.242472 0.004000
v 17.621508 -29.201529 0.004000
v 17.683973 -29.310614 0.004000
v 17.592028 -29.267385 0.004000
v 17.650301 -29.378988 0.004000
v 17.559700 -29.333012 0.004000
v 17.614889 -29.446783 0.004000
v 17.525112 -29.399216 0.004000
v 17.578609 -29.514303 0.004000
v 17.489389 -29.465698 0.004000
v 17.541328 -29.581812 0.004000
v 17.452671 -29.532188 0.004000
v 17.502964 -29.649452 0.004000
v 17.415035 -29.598547 0.004000
v 17.463820 -29.715698 0.004000
v 17.376181 -29.664301 0.004000
v 17.425045 -29.782310 0.004000
v 17.336954 -29.731689 0.004000
v 17.387188 -29.849062 0.004000
v 17.298813 -29.798939 0.004000
v 17.349329 -29.915812 0.004000
v 17.260672 -29.866188 0.004000
v 17.312046 -29.983311 0.004000
v 17.223953 -29.932690 0.004000
v 17.271618 -30.051041 0.004000
v 17.184381 -29.998959 0.004000
v 17.231186 -30.118750 0.004000
v 17.144814 -30.065250 0.004000
v 17.187366 -30.187031 0.004000
v 17.102634 -30.130968 0.004000
v 17.142073 -30.253469 0.004000
v 17.057928 -30.196529 0.004000
v 17.097172 -30.320324 0.004000
v 17.012829 -30.263676 0.004000
v 17.052025 -30.387539 0.004000
v 16.967974 -30.330462 0.004000
v 17.005880 -30.454754 0.004000
v 16.922121 -30.397247 0.004000
v 16.960026 -30.521540 0.004000
v 16.875975 -30.464460 0.004000
v 16.915462 -30.587885 0.004000
v 16.830538 -30.532114 0.004000
v 16.872805 -30.654356 0.004000
v 16.787195 -30.599644 0.004000
v 16.831097 -30.719894 0.004000
v 16.744904 -30.666105 0.004000
v 16.790043 -30.786982 0.004000
v 16.703959 -30.733019 0.004000
v 16.746317 -30.855106 0.004000
v 16.661684 -30.798895 0.004000
v 16.699442 -30.923380 0.004000
v 16.616558 -30.864620 0.004000
v 16.649714 -30.991383 0.004000
v 16.568287 -30.930618 0.004000
v 16.598421 -31.058769 0.004000
v 16.517578 -30.997231 0.004000
v 16.547567 -31.125576 0.004000
v 16.466433 -31.064423 0.004000
v 16.497604 -31.192528 0.004000
v 16.416397 -31.131472 0.004000
v 16.447750 -31.258333 0.004000
v 16.366251 -31.197666 0.004000
v 16.399004 -31.324987 0.004000
v 16.316996 -31.265011 0.004000
v 16.349712 -31.392384 0.004000
v 16.268288 -31.331617 0.004000
v 16.298567 -31.459578 0.004000
v 16.217432 -31.398424 0.004000
v 16.248568 -31.526577 0.004000
v 16.167433 -31.465424 0.004000
v 16.197712 -31.593384 0.004000
v 16.116287 -31.532618 0.004000
v 16.149443 -31.659380 0.004000
v 16.066559 -31.600620 0.004000
v 16.103926 -31.725685 0.004000
v 16.020075 -31.668314 0.004000
v 16.059658 -31.790585 0.004000
v 15.974341 -31.735416 0.004000
v 16.019041 -31.856981 0.004000
v 15.932958 -31.803019 0.004000
v 15.975898 -31.924212 0.004000
v 15.890102 -31.869789 0.004000
v 15.933753 -31.991438 0.004000
v 15.848248 -31.936562 0.004000
v 15.889607 -32.058662 0.004000
v 15.804393 -32.003338 0.004000
v 15.846462 -32.125885 0.004000
v 15.761538 -32.070114 0.004000
v 15.801072 -32.193470 0.004000
v 15.716928 -32.136528 0.004000
v 15.756072 -32.259472 0.004000
v 15.671927 -32.202530 0.004000
v 15.710880 -32.326752 0.004000
v 15.627120 -32.269249 0.004000
v 15.663879 -32.393753 0.004000
v 15.580120 -32.336246 0.004000
v 15.619462 -32.459885 0.004000
v 15.534538 -32.404114 0.004000
v 15.576753 -32.526436 0.004000
v 15.491247 -32.471561 0.004000
v 15.534042 -32.592983 0.004000
v 15.447958 -32.539017 0.004000
v 15.493474 -32.659279 0.004000
v 15.406526 -32.606720 0.004000
v 15.453531 -32.726185 0.004000
v 15.366468 -32.673817 0.004000
v 15.413676 -32.791943 0.004000
v 15.326324 -32.740059 0.004000
v 15.375046 -32.858311 0.004000
v 15.286954 -32.807690 0.004000
v 15.337046 -32.925312 0.004000
v 15.248954 -32.874691 0.004000
v 15.297904 -32.992558 0.004000
v 15.210096 -32.941444 0.004000
v 15.258904 -33.059555 0.004000
v 15.171096 -33.008446 0.004000
v 15.219904 -33.126556 0.004000
v 15.132096 -33.075443 0.004000
v 15.180761 -33.193798 0.004000
v 15.093239 -33.142200 0.004000
v 15.140532 -33.261185 0.004000
v 15.053469 -33.208817 0.004000
v 15.100387 -33.327423 0.004000
v 15.013613 -33.274574 0.004000
v 15.059331 -33.394516 0.004000
v 14.972669 -33.341484 0.004000
v 15.018475 -33.461281 0.004000
v 14.931525 -33.408722 0.004000
v 14.978761 -33.527802 0.004000
v 14.891239 -33.476200 0.004000
v 14.940046 -33.594311 0.004000
v 14.851954 -33.543690 0.004000
v 14.902328 -33.660812 0.004000
v 14.813671 -33.611191 0.004000
v 14.865610 -33.727303 0.004000
v 14.776390 -33.678696 0.004000
v 14.829674 -33.794186 0.004000
v 14.740326 -33.745815 0.004000
v 14.793814 -33.859924 0.004000
v 14.704185 -33.812077 0.004000
v 14.758888 -33.926785 0.004000
v 14.669111 -33.879215 0.004000
v 14.723437 -33.992718 0.004000
v 14.632563 -33.947281 0.004000
v 14.693493 -34.057472 0.004000
v 14.600507 -34.016529 0.004000
v 14.666359 -34.122379 0.004000
v 14.571641 -34.085621 0.004000
v 14.643265 -34.186848 0.004000
v 14.546736 -34.155151 0.004000
v 14.623648 -34.252632 0.004000
v 14.526353 -34.223370 0.004000
v 14.603747 -34.318295 0.004000
v 14.506252 -34.289707 0.004000
v 14.584873 -34.384861 0.004000
v 14.487127 -34.357140 0.004000
v 14.565968 -34.451519 0.004000
v 14.468033 -34.424480 0.004000
v 14.548151 -34.517838 0.004000
v 14.449849 -34.492161 0.004000
v 14.531326 -34.584148 0.004000
v 14.432673 -34.559853 0.004000
v 14.515492 -34.650448 0.004000
v 14.416507 -34.627552 0.004000
v 14.500650 -34.716743 0.004000
v 14.401349 -34.695255 0.004000
v 14.486555 -34.784180 0.004000
v 14.387445 -34.761822 0.004000
v 14.470304 -34.851234 0.004000
v 14.371696 -34.826767 0.004000
v 14.453151 -34.918839 0.004000
v 14.354849 -34.893162 0.004000
v 14.434873 -34.986858 0.004000
v 14.337127 -34.959141 0.004000
v 14.406322 -35.070900 0.004000
v 14.325678 -35.009102 0.004000
v 14.277398 -35.196129 0.004000
v 14.212603 -35.117870 0.004000
v 14.052310 -35.365490 0.004000
v 13.993690 -35.282509 0.004000
v 13.727637 -35.584625 0.004000
v 13.672363 -35.499374 0.004000
v 13.302170 -35.851925 0.004000
v 13.247830 -35.766075 0.004000
v 12.896454 -36.110741 0.004000
v 12.841546 -36.025257 0.004000
v 12.508723 -36.361568 0.004000
v 12.453277 -36.276432 0.004000
v 12.140016 -36.603378 0.004000
v 12.083984 -36.518623 0.004000
v 11.789210 -36.837246 0.004000
v 11.732789 -36.752754 0.004000
v 11.526201 -37.013252 0.004000
v 11.469799 -36.928745 0.004000
v 11.350067 -37.130341 0.004000
v 11.293933 -37.045658 0.004000
v 11.261955 -37.188416 0.004000
v 11.206044 -37.103584 0.004000
vn -0.0000 -0.0000 1.0000
s 0
usemtl white_tape
f 2334//4 2335//4 2333//4
f 2336//4 2337//4 2335//4
f 2338//4 2339//4 2337//4
f 2340//4 2341//4 2339//4
f 2342//4 2343//4 2341//4
f 2344//4 2345//4 2343//4
f 2346//4 2347//4 2345//4
f 2348//4 2349//4 2347//4
f 2350//4 2351//4 2349//4
f 2352//4 2353//4 2351//4
f 2354//4 2355//4 2353//4
f 2356//4 2357//4 2355//4
f 2358//4 2359//4 2357//4
f 2360//4 2361//4 2359//4
f 2362//4 2363//4 2361//4
f 2364//4 2365//4 2363//4
f 2366//4 2367//4 2365//4
f 2368//4 2369//4 2367//4
f 2370//4 2371//4 2369//4
f 2372//4 2373//4 2371//4
f 2374//4 2375//4 2373//4
f 2376//4 2377//4 2375//4
f 2378//4 2379//4 2377//4
f 2380//4 2381//4 2379//4
f 2382//4 2383//4 2381//4
f 2384//4 2385//4 2383//4
f 2386//4 2387//4 2385//4
f 2388//4 2389//4 2387//4
f 2390//4 2391//4 2389//4
f 2392//4 2393//4 2391//4
f 2394//4 2395//4 2393//4
f 2396//4 2397//4 2395//4
f 2398//4 2399//4 2397//4
f 2400//4 2401//4 2399//4
f 2402//4 2403//4 2401//4
f 2404//4 2405//4 2403//4
f 2406//4 2407//4 2405//4
f 2408//4 2409//4 2407//4
f 2410//4 2411//4 2409//4
f 2412//4 2413//4 2411//4
f 2414//4 2415//4 2413//4
f 2416//4 2417//4 2415//4
f 2418//4 2419//4 2417//4
f 2420//4 2421//4 2419//4
f 2422//4 2423//4 2421//4
f 2424//4 2425//4 2423//4
f 2426//4 2427//4 2425//4
f 2428//4 2429//4 2427//4
f 2430//4 2431//4 2429//4
f 2432//4 2433//4 2431//4
f 2434//4 2435//4 2433//4
f 2436//4 2437//4 2435//4
f 2438//4 2439//4 2437//4
f 2440//4 2441//4 2439//4
f 2442//4 2443//4 2441//4
f 2444//4 2445//4 2443//4
f 2446//4 2447//4 2445//4
f 2448//4 2449//4 2447//4
f 2450//4 2451//4 2449//4
f 2452//4 2453//4 2451//4
f 2454//4 2455//4 2453//4
f 2456//4 2457//4 2455//4
f 2458//4 2459//4 2457//4
f 2460//4 2461//4 2459//4
f 2462//4 2463//4 2461//4
f 2464//4 2465//4 2463//4
f 2466//4 2467//4 2465//4
f 2468//4 2469//4 2467//4
f 2470//4 2471//4 2469//4
f 2472//4 2473//4 2471//4
f 2474//4 2475//4 2473//4
f 2476//4 2477//4 2475//4
f 2478//4 2479//4 2477//4
f 2480//4 2481//4 2479//4
f 2482//4 2483//4 2481//4
f 2484//4 2485//4 2483//4
f 2486//4 2487//4 2485//4
f 2488//4 2489//4 2487//4
f 2490//4 2491//4 2489//4
f 2492//4 2493//4 2491//4
f 2494//4 2495//4 2493//4
f 2496//4 2497//4 2495//4
f 2498//4 2499//4 2497//4
f 2499//4 2502//4 2501//4
f 2501//4 2504//4 2503//4
f 2503//4 2506//4 2505//4
f 2505//4 2508//4 2507//4
f 2508//4 2509//4 2507//4
f 2510//4 2511//4 2509//4
f 2511//4 2514//4 2513//4
f 2514//4 2515//4 2513//4
f 2516//4 2517//4 2515//4
f 2517//4 2520//4 2519//4
f 2520//4 2521//4 2519//4
f 2522//4 2523//4 2521//4
f 2523//4 2526//4 2525//4
f 2525//4 2528//4 2527//4
f 2528//4 2529//4 2527//4
f 2530//4 2531//4 2529//4
f 2531//4 2534//4 2533//4
f 2534//4 2535//4 2533//4
f 2535//4 2538//4 2537//4
f 2537//4 2540//4 2539//4
f 2540//4 2541//4 2539//4
f 2541//4 2544//4 2543//4
f 2544//4 2545//4 2543//4
f 2546//4 2547//4 2545//4
f 2547//4 2550//4 2549//4
f 2550//4 2551//4 2549//4
f 2552//4 2553//4 2551//4
f 2554//4 2555//4 2553//4
f 2556//4 2557//4 2555//4
f 2558//4 2559//4 2557//4
f 2559//4 2562//4 2561//4
f 2561//4 2564//4 2563//4
f 2564//4 2565//4 2563//4
f 2566//4 2567//4 2565//4
f 2567//4 2570//4 2569//4
f 2570//4 2571//4 2569//4
f 2572//4 2573//4 2571//4
f 2573//4 2576//4 2575//4
f 2575//4 2578//4 2577//4
f 2578//4 2579//4 2577//4
f 2579//4 2582//4 2581//4
f 2582//4 2583//4 2581//4
f 2584//4 2585//4 2583//4
f 2585//4 2588//4 2587//4
f 2588//4 2589//4 2587//4
f 2589//4 2592//4 2591//4
f 2592//4 2593//4 2591//4
f 2593//4 2596//4 2595//4
f 2595//4 2598//4 2597//4
f 2598//4 2599//4 2597//4
f 2599//4 2602//4 2601//4
f 2602//4 2603//4 2601//4
f 2604//4 2605//4 2603//4
f 2605//4 2608//4 2607//4
f 2608//4 2609//4 2607//4
f 2609//4 2612//4 2611//4
f 2611//4 2614//4 2613//4
f 2613//4 2616//4 2615//4
f 2616//4 2617//4 2615//4
f 2617//4 2620//4 2619//4
f 2620//4 2621//4 2619//4
f 2621//4 2624//4 2623//4
f 2624//4 2625//4 2623//4
f 2625//4 2628//4 2627//4
f 2628//4 2629//4 2627//4
f 2629//4 2632//4 2631//4
f 2632//4 2633//4 2631//4
f 2634//4 2635//4 2633//4
f 2636//4 2637//4 2635//4
f 2637//4 2640//4 2639//4
f 2640//4 2641//4 2639//4
f 2641//4 2644//4 2643//4
f 2643//4 2646//4 2645//4
f 2645//4 2648//4 2647//4
f 2648//4 2649//4 2647//4
f 2649//4 2652//4 2651//4
f 2651//4 2654//4 2653//4
f 2654//4 2655//4 2653//4
f 2655//4 2658//4 2657//4
f 2658//4 2659//4 2657//4
f 2659//4 2662//4 2661//4
f 2662//4 2663//4 2661//4
f 2663//4 2666//4 2665//4
f 2666//4 2667//4 2665//4
f 2668//4 2669//4 2667//4
f 2669//4 2672//4 2671//4
f 2672//4 2673//4 2671//4
f 2674//4 2675//4 2673//4
f 2675//4 2678//4 2677//4
f 2677//4 2680//4 2679//4
f 2680//4 2681//4 2679//4
f 2682//4 2683//4 2681//4
f 2683//4 2686//4 2685//4
f 2686//4 2687//4 2685//4
f 2688//4 2689//4 2687//4
f 2689//4 2692//4 2691//4
f 2692//4 2693//4 2691//4
f 2693//4 2696//4 2695//4
f 2695//4 2698//4 2697//4
f 2698//4 2699//4 2697//4
f 2700//4 2701//4 2699//4
f 2702//4 2703//4 2701//4
f 2703//4 2706//4 2705//4
f 2706//4 2707//4 2705//4
f 2707//4 2710//4 2709//4
f 2710//4 2711//4 2709//4
f 2711//4 2714//4 2713//4
f 2713//4 2716//4 2715//4
f 2716//4 2717//4 2715//4
f 2717//4 2720//4 2719//4
f 2719//4 2722//4 2721//4
f 2722//4 2723//4 2721//4
f 2724//4 2725//4 2723//4
f 2725//4 2728//4 2727//4
f 2727//4 2730//4 2729//4
f 2730//4 2731//4 2729//4
f 2731//4 2734//4 2733//4
f 2733//4 2736//4 2735//4
f 2736//4 2737//4 2735//4
f 2737//4 2740//4 2739//4
f 2740//4 2741//4 2739//4
f 2741//4 2744//4 2743//4
f 2744//4 2745//4 2743//4
f 2745//4 2748//4 2747//4
f 2748//4 2749//4 2747//4
f 2750//4 2751//4 2749//4
f 2752//4 2753//4 2751//4
f 2753//4 2756//4 2755//4
f 2755//4 2758//4 2757//4
f 2758//4 2759//4 2757//4
f 2759//4 2762//4 2761//4
f 2762//4 2763//4 2761//4
f 2763//4 2766//4 2765//4
f 2765//4 2768//4 2767//4
f 2768//4 2769//4 2767//4
f 2769//4 2772//4 2771//4
f 2772//4 2773//4 2771//4
f 2773//4 2776//4 2775//4
f 2776//4 2777//4 2775//4
f 2778//4 2779//4 2777//4
f 2780//4 2781//4 2779//4
f 2781//4 2784//4 2783//4
f 2784//4 2785//4 2783//4
f 2786//4 2787//4 2785//4
f 2787//4 2790//4 2789//4
f 2790//4 2791//4 2789//4
f 2791//4 2794//4 2793//4
f 2794//4 2795//4 2793//4
f 2795//4 2798//4 2797//4
f 2798//4 2799//4 2797//4
f 2799//4 2802//4 2801//4
f 2802//4 2803//4 2801//4
f 2804//4 2805//4 2803//4
f 2805//4 2808//4 2807//4
f 2808//4 2809//4 2807//4
f 2809//4 2812//4 2811//4
f 2812//4 2813//4 2811//4
f 2813//4 2816//4 2815//4
f 2816//4 2817//4 2815//4
f 2817//4 2820//4 2819//4
f 2820//4 2821//4 2819//4
f 2821//4 2824//4 2823//4
f 2823//4 2826//4 2825//4
f 2826//4 2827//4 2825//4
f 2828//4 2829//4 2827//4
f 2829//4 2832//4 2831//4
f 2832//4 2833//4 2831//4
f 2834//4 2835//4 2833//4
f 2835//4 2838//4 2837//4
f 2838//4 2839//4 2837//4
f 2840//4 2841//4 2839//4
f 2841//4 2844//4 2843//4
f 2844//4 2845//4 2843//4
f 2846//4 2847//4 2845//4
f 2847//4 2850//4 2849//4
f 2850//4 2851//4 2849//4
f 2851//4 2854//4 2853//4
f 2853//4 2856//4 2855//4
f 2856//4 2857//4 2855//4
f 2857//4 2860//4 2859//4
f 2860//4 2861//4 2859//4
f 2861//4 2864//4 2863//4
f 2864//4 2865//4 2863//4
f 2866//4 2867//4 2865//4
f 2867//4 2870//4 2869//4
f 2870//4 2871//4 2869//4
f 2871//4 2874//4 2873//4
f 2874//4 2875//4 2873//4
f 2875//4 2878//4 2877//4
f 2878//4 2879//4 2877//4
f 2879//4 2882//4 2881//4
f 2882//4 2883//4 2881//4
f 2883//4 2886//4 2885//4
f 2886//4 2887//4 2885//4
f 2887//4 2890//4 2889//4
f 2890//4 2891//4 2889//4
f 2891//4 2894//4 2893//4
f 2894//4 2895//4 2893//4
f 2895//4 2898//4 2897//4
f 2898//4 2899//4 2897//4
f 2899//4 2902//4 2901//4
f 2902//4 2903//4 2901//4
f 2904//4 2905//4 2903//4
f 2905//4 2908//4 2907//4
f 2908//4 2909//4 2907//4
f 2909//4 2912//4 2911//4
f 2912//4 2913//4 2911//4
f 2913//4 2916//4 2915//4
f 2915//4 2918//4 2917//4
f 2918//4 2919//4 2917//4
f 2919//4 2922//4 2921//4
f 2921//4 2924//4 2923//4
f 2924//4 2925//4 2923//4
f 2926//4 2927//4 2925//4
f 2927//4 2930//4 2929//4
f 2930//4 2931//4 2929//4
f 2931//4 2934//4 2933//4
f 2933//4 2936//4 2935//4
f 2936//4 2937//4 2935//4
f 2938//4 2939//4 2937//4
f 2939//4 2942//4 2941//4
f 2941//4 2944//4 2943//4
f 2944//4 2945//4 2943//4
f 2945//4 2948//4 2947//4
f 2948//4 2949//4 2947//4
f 2949//4 2952//4 2951//4
f 2951//4 2954//4 2953//4
f 2954//4 2955//4 2953//4
f 2955//4 2958//4 2957//4
f 2958//4 2959//4 2957//4
f 2960//4 2961//4 2959//4
f 2961//4 2964//4 2963//4
f 2964//4 2965//4 2963//4
f 2965//4 2968//4 2967//4
f 2967//4 2970//4 2969//4
f 2970//4 2971//4 2969//4
f 2971//4 2974//4 2973//4
f 2974//4 2975//4 2973//4
f 2975//4 2978//4 2977//4
f 2977//4 2980//4 2979//4
f 2980//4 2981//4 2979//4
f 2982//4 2983//4 2981//4
f 2983//4 2986//4 2985//4
f 2986//4 2987//4 2985//4
f 2987//4 2990//4 2989//4
f 2990//4 2991//4 2989//4
f 2991//4 2994//4 2993//4
f 2993//4 2996//4 2995//4
f 2996//4 2997//4 2995//4
f 2997//4 3000//4 2999//4
f 3000//4 3001//4 2999//4
f 3001//4 3004//4 3003//4
f 3004//4 3005//4 3003//4
f 3005//4 3008//4 3007//4
f 3008//4 3009//4 3007//4
f 3010//4 3011//4 3009//4
f 3012//4 3013//4 3011//4
f 3014//4 3015//4 3013//4
f 3015//4 3018//4 3017//4
f 3018//4 3019//4 3017//4
f 3019//4 3022//4 3021//4
f 3022//4 3023//4 3021//4
f 3023//4 3026//4 3025//4
f 3026//4 3027//4 3025//4
f 3028//4 3029//4 3027//4
f 3029//4 3032//4 3031//4
f 3032//4 3033//4 3031//4
f 3033//4 3036//4 3035//4
f 3036//4 3037//4 3035//4
f 3037//4 3040//4 3039//4
f 3040//4 3041//4 3039//4
f 3041//4 3044//4 3043//4
f 3044//4 3045//4 3043//4
f 3045//4 3048//4 3047//4
f 3048//4 3049//4 3047//4
f 3050//4 3051//4 3049//4
f 3051//4 3054//4 3053//4
f 3053//4 3056//4 3055//4
f 3056//4 3057//4 3055//4
f 3057//4 3060//4 3059//4
f 3060//4 3061//4 3059//4
f 3062//4 3063//4 3061//4
f 3063//4 3066//4 3065//4
f 3066//4 3067//4 3065//4
f 3067//4 3070//4 3069//4
f 3070//4 3071//4 3069//4
f 3071//4 3074//4 3073//4
f 3074//4 3075//4 3073//4
f 3075//4 3078//4 3077//4
f 3077//4 3080//4 3079//4
f 3080//4 3081//4 3079//4
f 3081//4 3084//4 3083//4
f 3084//4 3085//4 3083//4
f 3085//4 3088//4 3087//4
f 3087//4 3090//4 3089//4
f 3089//4 3092//4 3091//4
f 3092//4 3093//4 3091//4
f 3093//4 3096//4 3095//4
f 3095//4 3098//4 3097//4
f 3097//4 3100//4 3099//4
f 3100//4 3101//4 3099//4
f 3101//4 3104//4 3103//4
f 3104//4 3105//4 3103//4
f 3106//4 3107//4 3105//4
f 3107//4 3110//4 3109//4
f 3110//4 3111//4 3109//4
f 3111//4 3114//4 3113//4
f 3114//4 3115//4 3113//4
f 3115//4 3118//4 3117//4
f 3118//4 3119//4 3117//4
f 3119//4 3122//4 3121//4
f 3122//4 3123//4 3121//4
f 3124//4 3125//4 3123//4
f 3126//4 3127//4 3125//4
f 3128//4 3129//4 3127//4
f 3129//4 3132//4 3131//4
f 3132//4 3133//4 3131//4
f 3134//4 3135//4 3133//4
f 3135//4 3138//4 3137//4
f 3138//4 3139//4 3137//4
f 3139//4 3142//4 3141//4
f 3142//4 3143//4 3141//4
f 3144//4 3145//4 3143//4
f 3145//4 3148//4 3147//4
f 3148//4 3149//4 3147//4
f 3149//4 3152//4 3151//4
f 3152//4 3153//4 3151//4
f 3153//4 3156//4 3155//4
f 3155//4 3158//4 3157//4
f 3158//4 3159//4 3157//4
f 3159//4 3162//4 3161//4
f 3162//4 3163//4 3161//4
f 3163//4 3166//4 3165//4
f 3166//4 3167//4 3165//4
f 3167//4 3170//4 3169//4
f 3169//4 3172//4 3171//4
f 3172//4 3173//4 3171//4
f 3173//4 3176//4 3175//4
f 3176//4 3177//4 3175//4
f 3177//4 3180//4 3179//4
f 3180//4 3181//4 3179//4
f 3182//4 3183//4 3181//4
f 3183//4 3186//4 3185//4
f 3186//4 3187//4 3185//4
f 3188//4 3189//4 3187//4
f 3190//4 3191//4 3189//4
f 3192//4 3193//4 3191//4
f 3193//4 3196//4 3195//4
f 3196//4 3197//4 3195//4
f 3197//4 3200//4 3199//4
f 3200//4 3201//4 3199//4
f 3202//4 3203//4 3201//4
f 3203//4 3206//4 3205//4
f 3205//4 3208//4 3207//4
f 3208//4 3209//4 3207//4
f 3209//4 3212//4 3211//4
f 3212//4 3213//4 3211//4
f 3213//4 3216//4 3215//4
f 3215//4 3218//4 3217//4
f 3218//4 3219//4 3217//4
f 3219//4 3222//4 3221//4
f 3222//4 3223//4 3221//4
f 3223//4 3226//4 3225//4
f 3226//4 3227//4 3225//4
f 3227//4 3230//4 3229//4
f 3230//4 3231//4 3229//4
f 3232//4 3233//4 3231//4
f 3233//4 3236//4 3235//4
f 3236//4 3237//4 3235//4
f 3238//4 3239//4 3237//4
f 3239//4 3242//4 3241//4
f 3242//4 3243//4 3241//4
f 3243//4 3246//4 3245//4
f 3246//4 3247//4 3245//4
f 3247//4 3250//4 3249//4
f 3249//4 3252//4 3251//4
f 3252//4 3253//4 3251//4
f 3254//4 3255//4 3253//4
f 3256//4 3257//4 3255//4
f 3257//4 3260//4 3259//4
f 3260//4 3261//4 3259//4
f 3262//4 3263//4 3261//4
f 3263//4 3266//4 3265//4
f 3266//4 3267//4 3265//4
f 3267//4 3270//4 3269//4
f 3269//4 3272//4 3271//4
f 3272//4 3273//4 3271//4
f 3273//4 3276//4 3275//4
f 3276//4 3277//4 3275//4
f 3277//4 3280//4 3279//4
f 3280//4 3281//4 3279//4
f 3282//4 3283//4 3281//4
f 3283//4 3286//4 3285//4
f 3286//4 3287//4 3285//4
f 3287//4 3290//4 3289//4
f 3290//4 3291//4 3289//4
f 3291//4 3294//4 3293//4
f 3294//4 3295//4 3293//4
f 3295//4 3298//4 3297//4
f 3298//4 3299//4 3297//4
f 3300//4 3301//4 3299//4
f 3301//4 3304//4 3303//4
f 3304//4 3305//4 3303//4
f 3305//4 3308//4 3307//4
f 3307//4 3310//4 3309//4
f 3310//4 3311//4 3309//4
f 3311//4 3314//4 3313//4
f 3314//4 3315//4 3313//4
f 3315//4 3318//4 3317//4
f 3318//4 3319//4 3317//4
f 3320//4 3321//4 3319//4
f 3322//4 3323//4 3321//4
f 3324//4 3325//4 3323//4
f 3325//4 3328//4 3327//4
f 3328//4 3329//4 3327//4
f 3329//4 3332//4 3331//4
f 3331//4 3334//4 3333//4
f 3333//4 3336//4 3335//4
f 3336//4 3337//4 3335//4
f 3337//4 3340//4 3339//4
f 3340//4 3341//4 3339//4
f 3341//4 3344//4 3343//4
f 3343//4 3346//4 3345//4
f 3346//4 3347//4 3345//4
f 3347//4 3350//4 3349//4
f 3350//4 3351//4 3349//4
f 3351//4 3354//4 3353//4
f 3354//4 3355//4 3353//4
f 3356//4 3357//4 3355//4
f 3358//4 3359//4 3357//4
f 3360//4 3361//4 3359//4
f 3361//4 3364//4 3363//4
f 3364//4 3365//4 3363//4
f 3366//4 3367//4 3365//4
f 3367//4 3370//4 3369//4
f 3370//4 3371//4 3369//4
f 3371//4 3374//4 3373//4
f 3374//4 3375//4 3373//4
f 3375//4 3378//4 3377//4
f 3378//4 3379//4 3377//4
f 3380//4 3381//4 3379//4
f 3381//4 3384//4 3383//4
f 3383//4 3386//4 3385//4
f 3386//4 3387//4 3385//4
f 3388//4 3389//4 3387//4
f 3390//4 3391//4 3389//4
f 3391//4 3394//4 3393//4
f 3394//4 3395//4 3393//4
f 3395//4 3398//4 3397//4
f 3397//4 3400//4 3399//4
f 3400//4 3401//4 3399//4
f 3402//4 3403//4 3401//4
f 3404//4 3405//4 3403//4
f 3406//4 3407//4 3405//4
f 3407//4 3410//4 3409//4
f 3410//4 3411//4 3409//4
f 3411//4 3414//4 3413//4
f 3413//4 3416//4 3415//4
f 3416//4 3417//4 3415//4
f 3417//4 3420//4 3419//4
f 3420//4 3421//4 3419//4
f 3422//4 3423//4 3421//4
f 3423//4 3426//4 3425//4
f 3426//4 3427//4 3425//4
f 3427//4 3430//4 3429//4
f 3430//4 3431//4 3429//4
f 3431//4 3434//4 3433//4
f 3434//4 3435//4 3433//4
f 3435//4 3438//4 3437//4
f 3438//4 3439//4 3437//4
f 3440//4 3441//4 3439//4
f 3441//4 3444//4 3443//4
f 3444//4 3445//4 3443//4
f 3446//4 3447//4 3445//4
f 3447//4 3450//4 3449//4
f 3450//4 3451//4 3449//4
f 3451//4 3454//4 3453//4
f 3453//4 3456//4 3455//4
f 3456//4 3457//4 3455//4
f 3457//4 3460//4 3459//4
f 3459//4 3462//4 3461//4
f 3462//4 3463//4 3461//4
f 3464//4 3465//4 3463//4
f 3466//4 3467//4 3465//4
f 3467//4 3470//4 3469//4
f 3470//4 3471//4 3469//4
f 3472//4 3473//4 3471//4
f 3474//4 3475//4 3473//4
f 3476//4 3477//4 3475//4
f 3478//4 3479//4 3477//4
f 3480//4 3481//4 3479//4
f 3482//4 3483//4 3481//4
f 3484//4 3485//4 3483//4
f 3485//4 3488//4 3487//4
f 3488//4 3489//4 3487//4
f 3489//4 3492//4 3491//4
f 3492//4 3493//4 3491//4
f 3493//4 3496//4 3495//4
f 3496//4 3497//4 3495//4
f 3498//4 3499//4 3497//4
f 3499//4 3502//4 3501//4
f 3502//4 3503//4 3501//4
f 3503//4 3506//4 3505//4
f 3506//4 3507//4 3505//4
f 3508//4 3509//4 3507//4
f 3510//4 3511//4 3509//4
f 3512//4 3513//4 3511//4
f 3514//4 3515//4 3513//4
f 3515//4 3518//4 3517//4
f 3518//4 3519//4 3517//4
f 3519//4 3522//4 3521//4
f 3521//4 3524//4 3523//4
f 3523//4 3526//4 3525//4
f 3526//4 3527//4 3525//4
f 3528//4 3529//4 3527//4
f 3530//4 3531//4 3529//4
f 3532//4 3533//4 3531//4
f 3533//4 3536//4 3535//4
f 3535//4 3538//4 3537//4
f 3538//4 3539//4 3537//4
f 3539//4 3542//4 3541//4
f 3541//4 3544//4 3543//4
f 3544//4 3545//4 3543//4
f 3546//4 3547//4 3545//4
f 2334//4 2336//4 2335//4
f 2336//4 2338//4 2337//4
f 2338//4 2340//4 2339//4
f 2340//4 2342//4 2341//4
f 2342//4 2344//4 2343//4
f 2344//4 2346//4 2345//4
f 2346//4 2348//4 2347//4
f 2348//4 2350//4 2349//4
f 2350//4 2352//4 2351//4
f 2352//4 2354//4 2353//4
f 2354//4 2356//4 2355//4
f 2356//4 2358//4 2357//4
f 2358//4 2360//4 2359//4
f 2360//4 2362//4 2361//4
f 2362//4 2364//4 2363//4
f 2364//4 2366//4 2365//4
f 2366//4 2368//4 2367//4
f 2368//4 2370//4 2369//4
f 2370//4 2372//4 2371//4
f 2372//4 2374//4 2373//4
f 2374//4 2376//4 2375//4
f 2376//4 2378//4 2377//4
f 2378//4 2380//4 2379//4
f 2380//4 2382//4 2381//4
f 2382//4 2384//4 2383//4
f 2384//4 2386//4 2385//4
f 2386//4 2388//4 2387//4
f 2388//4 2390//4 2389//4
f 2390//4 2392//4 2391//4
f 2392//4 2394//4 2393//4
f 2394//4 2396//4 2395//4
f 2396//4 2398//4 2397//4
f 2398//4 2400//4 2399//4
f 2400//4 2402//4 2401//4
f 2402//4 2404//4 2403//4
f 2404//4 2406//4 2405//4
f 2406//4 2408//4 2407//4
f 2408//4 2410//4 2409//4
f 2410//4 2412//4 2411//4
f 2412//4 2414//4 2413//4
f 2414//4 2416//4 2415//4
f 2416//4 2418//4 2417//4
f 2418//4 2420//4 2419//4
f 2420//4 2422//4 2421//4
f 2422//4 2424//4 2423//4
f 2424//4 2426//4 2425//4
f 2426//4 2428//4 2427//4
f 2428//4 2430//4 2429//4
f 2430//4 2432//4 2431//4
f 2432//4 2434//4 2433//4
f 2434//4 2436//4 2435//4
f 2436//4 2438//4 2437//4
f 2438//4 2440//4 2439//4
f 2440//4 2442//4 2441//4
f 2442//4 2444//4 2443//4
f 2444//4 2446//4 2445//4
f 2446//4 2448//4 2447//4
f 2448//4 2450//4 2449//4
f 2450//4 2452//4 2451//4
f 2452//4 2454//4 2453//4
f 2454//4 2456//4 2455//4
f 2456//4 2458//4 2457//4
f 2458//4 2460//4 2459//4
f 2460//4 2462//4 2461//4
f 2462//4 2464//4 2463//4
f 2464//4 2466//4 2465//4
f 2466//4 2468//4 2467//4
f 2468//4 2470//4 2469//4
f 2470//4 2472//4 2471//4
f 2472//4 2474//4 2473//4
f 2474//4 2476//4 2475//4
f 2476//4 2478//4 2477//4
f 2478//4 2480//4 2479//4
f 2480//4 2482//4 2481//4
f 2482//4 2484//4 2483//4
f 2484//4 2486//4 2485//4
f 2486//4 2488//4 2487//4
f 2488//4 2490//4 2489//4
f 2490//4 2492//4 2491//4
f 2492//4 2494//4 2493//4
f 2494//4 2496//4 2495//4
f 2496//4 2498//4 2497//4
f 2498//4 2500//4 2499//4
f 2499//4 2500//4 2502//4
f 2501//4 2502//4 2504//4
f 2503//4 2504//4 2506//4
f 2505//4 2506//4 2508//4
f 2508//4 2510//4 2509//4
f 2510//4 2512//4 2511//4
f 2511//4 2512//4 2514//4
f 2514//4 2516//4 2515//4
f 2516//4 2518//4 2517//4
f 2517//4 2518//4 2520//4
f 2520//4 2522//4 2521//4
f 2522//4 2524//4 2523//4
f 2523//4 2524//4 2526//4
f 2525//4 2526//4 2528//4
f 2528//4 2530//4 2529//4
f 2530//4 2532//4 2531//4
f 2531//4 2532//4 2534//4
f 2534//4 2536//4 2535//4
f 2535//4 2536//4 2538//4
f 2537//4 2538//4 2540//4
f 2540//4 2542//4 2541//4
f 2541//4 2542//4 2544//4
f 2544//4 2546//4 2545//4
f 2546//4 2548//4 2547//4
f 2547//4 2548//4 2550//4
f 2550//4 2552//4 2551//4
f 2552//4 2554//4 2553//4
f 2554//4 2556//4 2555//4
f 2556//4 2558//4 2557//4
f 2558//4 2560//4 2559//4
f 2559//4 2560//4 2562//4
f 2561//4 2562//4 2564//4
f 2564//4 2566//4 2565//4
f 2566//4 2568//4 2567//4
f 2567//4 2568//4 2570//4
f 2570//4 2572//4 2571//4
f 2572//4 2574//4 2573//4
f 2573//4 2574//4 2576//4
f 2575//4 2576//4 2578//4
f 2578//4 2580//4 2579//4
f 2579//4 2580//4 2582//4
f 2582//4 2584//4 2583//4
f 2584//4 2586//4 2585//4
f 2585//4 2586//4 2588//4
f 2588//4 2590//4 2589//4
f 2589//4 2590//4 2592//4
f 2592//4 2594//4 2593//4
f 2593//4 2594//4 2596//4
f 2595//4 2596//4 2598//4
f 2598//4 2600//4 2599//4
f 2599//4 2600//4 2602//4
f 2602//4 2604//4 2603//4
f 2604//4 2606//4 2605//4
f 2605//4 2606//4 2608//4
f 2608//4 2610//4 2609//4
f 2609//4 2610//4 2612//4
f 2611//4 2612//4 2614//4
f 2613//4 2614//4 2616//4
f 2616//4 2618//4 2617//4
f 2617//4 2618//4 2620//4
f 2620//4 2622//4 2621//4
f 2621//4 2622//4 2624//4
f 2624//4 2626//4 2625//4
f 2625//4 2626//4 2628//4
f 2628//4 2630//4 2629//4
f 2629//4 2630//4 2632//4
f 2632//4 2634//4 2633//4
f 2634//4 2636//4 2635//4
f 2636//4 2638//4 2637//4
f 2637//4 2638//4 2640//4
f 2640//4 2642//4 2641//4
f 2641//4 2642//4 2644//4
f 2643//4 2644//4 2646//4
f 2645//4 2646//4 2648//4
f 2648//4 2650//4 2649//4
f 2649//4 2650//4 2652//4
f 2651//4 2652//4 2654//4
f 2654//4 2656//4 2655//4
f 2655//4 2656//4 2658//4
f 2658//4 2660//4 2659//4
f 2659//4 2660//4 2662//4
f 2662//4 2664//4 2663//4
f 2663//4 2664//4 2666//4
f 2666//4 2668//4 2667//4
f 2668//4 2670//4 2669//4
f 2669//4 2670//4 2672//4
f 2672//4 2674//4 2673//4
f 2674//4 2676//4 2675//4
f 2675//4 2676//4 2678//4
f 2677//4 2678//4 2680//4
f 2680//4 2682//4 2681//4
f 2682//4 2684//4 2683//4
f 2683//4 2684//4 2686//4
f 2686//4 2688//4 2687//4
f 2688//4 2690//4 2689//4
f 2689//4 2690//4 2692//4
f 2692//4 2694//4 2693//4
f 2693//4 2694//4 2696//4
f 2695//4 2696//4 2698//4
f 2698//4 2700//4 2699//4
f 2700//4 2702//4 2701//4
f 2702//4 2704//4 2703//4
f 2703//4 2704//4 2706//4
f 2706//4 2708//4 2707//4
f 2707//4 2708//4 2710//4
f 2710//4 2712//4 2711//4
f 2711//4 2712//4 2714//4
f 2713//4 2714//4 2716//4
f 2716//4 2718//4 2717//4
f 2717//4 2718//4 2720//4
f 2719//4 2720//4 2722//4
f 2722//4 2724//4 2723//4
f 2724//4 2726//4 2725//4
f 2725//4 2726//4 2728//4
f 2727//4 2728//4 2730//4
f 2730//4 2732//4 2731//4
f 2731//4 2732//4 2734//4
f 2733//4 2734//4 2736//4
f 2736//4 2738//4 2737//4
f 2737//4 2738//4 2740//4
f 2740//4 2742//4 2741//4
f 2741//4 2742//4 2744//4
f 2744//4 2746//4 2745//4
f 2745//4 2746//4 2748//4
f 2748//4 2750//4 2749//4
f 2750//4 2752//4 2751//4
f 2752//4 2754//4 2753//4
f 2753//4 2754//4 2756//4
f 2755//4 2756//4 2758//4
f 2758//4 2760//4 2759//4
f 2759//4 2760//4 2762//4
f 2762//4 2764//4 2763//4
f 2763//4 2764//4 2766//4
f 2765//4 2766//4 2768//4
f 2768//4 2770//4 2769//4
f 2769//4 2770//4 2772//4
f 2772//4 2774//4 2773//4
f 2773//4 2774//4 2776//4
f 2776//4 2778//4 2777//4
f 2778//4 2780//4 2779//4
f 2780//4 2782//4 2781//4
f 2781//4 2782//4 2784//4
f 2784//4 2786//4 2785//4
f 2786//4 2788//4 2787//4
f 2787//4 2788//4 2790//4
f 2790//4 2792//4 2791//4
f 2791//4 2792//4 2794//4
f 2794//4 2796//4 2795//4
f 2795//4 2796//4 2798//4
f 2798//4 2800//4 2799//4
f 2799//4 2800//4 2802//4
f 2802//4 2804//4 2803//4
f 2804//4 2806//4 2805//4
f 2805//4 2806//4 2808//4
f 2808//4 2810//4 2809//4
f 2809//4 2810//4 2812//4
f 2812//4 2814//4 2813//4
f 2813//4 2814//4 2816//4
f 2816//4 2818//4 2817//4
f 2817//4 2818//4 2820//4
f 2820//4 2822//4 2821//4
f 2821//4 2822//4 2824//4
f 2823//4 2824//4 2826//4
f 2826//4 2828//4 2827//4
f 2828//4 2830//4 2829//4
f 2829//4 2830//4 2832//4
f 2832//4 2834//4 2833//4
f 2834//4 2836//4 2835//4
f 2835//4 2836//4 2838//4
f 2838//4 2840//4 2839//4
f 2840//4 2842//4 2841//4
f 2841//4 2842//4 2844//4
f 2844//4 2846//4 2845//4
f 2846//4 2848//4 2847//4
f 2847//4 2848//4 2850//4
f 2850//4 2852//4 2851//4
f 2851//4 2852//4 2854//4
f 2853//4 2854//4 2856//4
f 2856//4 2858//4 2857//4
f 2857//4 2858//4 2860//4
f 2860//4 2862//4 2861//4
f 2861//4 2862//4 2864//4
f 2864//4 2866//4 2865//4
f 2866//4 2868//4 2867//4
f 2867//4 2868//4 2870//4
f 2870//4 2872//4 2871//4
f 2871//4 2872//4 2874//4
f 2874//4 2876//4 2875//4
f 2875//4 2876//4 2878//4
f 2878//4 2880//4 2879//4
f 2879//4 2880//4 2882//4
f 2882//4 2884//4 2883//4
f 2883//4 2884//4 2886//4
f 2886//4 2888//4 2887//4
f 2887//4 2888//4 2890//4
f 2890//4 2892//4 2891//4
f 2891//4 2892//4 2894//4
f 2894//4 2896//4 2895//4
f 2895//4 2896//4 2898//4
f 2898//4 2900//4 2899//4
f 2899//4 2900//4 2902//4
f 2902//4 2904//4 2903//4
f 2904//4 2906//4 2905//4
f 2905//4 2906//4 2908//4
f 2908//4 2910//4 2909//4
f 2909//4 2910//4 2912//4
f 2912//4 2914//4 2913//4
f 2913//4 2914//4 2916//4
f 2915//4 2916//4 2918//4
f 2918//4 2920//4 2919//4
f 2919//4 2920//4 2922//4
f 2921//4 2922//4 2924//4
f 2924//4 2926//4 2925//4
f 2926//4 2928//4 2927//4
f 2927//4 2928//4 2930//4
f 2930//4 2932//4 2931//4
f 2931//4 2932//4 2934//4
f 2933//4 2934//4 2936//4
f 2936//4 2938//4 2937//4
f 2938//4 2940//4 2939//4
f 2939//4 2940//4 2942//4
f 2941//4 2942//4 2944//4
f 2944//4 2946//4 2945//4
f 2945//4 2946//4 2948//4
f 2948//4 2950//4 2949//4
f 2949//4 2950//4 2952//4
f 2951//4 2952//4 2954//4
f 2954//4 2956//4 2955//4
f 2955//4 2956//4 2958//4
f 2958//4 2960//4 2959//4
f 2960//4 2962//4 2961//4
f 2961//4 2962//4 2964//4
f 2964//4 2966//4 2965//4
f 2965//4 2966//4 2968//4
f 2967//4 2968//4 2970//4
f 2970//4 2972//4 2971//4
f 2971//4 2972//4 2974//4
f 2974//4 2976//4 2975//4
f 2975//4 2976//4 2978//4
f 2977//4 2978//4 2980//4
f 2980//4 2982//4 2981//4
f 2982//4 2984//4 2983//4
f 2983//4 2984//4 2986//4
f 2986//4 2988//4 2987//4
f 2987//4 2988//4 2990//4
f 2990//4 2992//4 2991//4
f 2991//4 2992//4 2994//4
f 2993//4 2994//4 2996//4
f 2996//4 2998//4 2997//4
f 2997//4 2998//4 3000//4
f 3000//4 3002//4 3001//4
f 3001//4 3002//4 3004//4
f 3004//4 3006//4 3005//4
f 3005//4 3006//4 3008//4
f 3008//4 3010//4 3009//4
f 3010//4 3012//4 3011//4
f 3012//4 3014//4 3013//4
f 3014//4 3016//4 3015//4
f 3015//4 3016//4 3018//4
f 3018//4 3020//4 3019//4
f 3019//4 3020//4 3022//4
f 3022//4 3024//4 3023//4
f 3023//4 3024//4 3026//4
f 3026//4 3028//4 3027//4
f 3028//4 3030//4 3029//4
f 3029//4 3030//4 3032//4
f 3032//4 3034//4 3033//4
f 3033//4 3034//4 3036//4
f 3036//4 3038//4 3037//4
f 3037//4 3038//4 3040//4
f 3040//4 3042//4 3041//4
f 3041//4 3042//4 3044//4
f 3044//4 3046//4 3045//4
f 3045//4 3046//4 3048//4
f 3048//4 3050//4 3049//4
f 3050//4 3052//4 3051//4
f 3051//4 3052//4 3054//4
f 3053//4 3054//4 3056//4
f 3056//4 3058//4 3057//4
f 3057//4 3058//4 3060//4
f 3060//4 3062//4 3061//4
f 3062//4 3064//4 3063//4
f 3063//4 3064//4 3066//4
f 3066//4 3068//4 3067//4
f 3067//4 3068//4 3070//4
f 3070//4 3072//4 3071//4
f 3071//4 3072//4 3074//4
f 3074//4 3076//4 3075//4
f 3075//4 3076//4 3078//4
f 3077//4 3078//4 3080//4
f 3080//4 3082//4 3081//4
f 3081//4 3082//4 3084//4
f 3084//4 3086//4 3085//4
f 3085//4 3086//4 3088//4
f 3087//4 3088//4 3090//4
f 3089//4 3090//4 3092//4
f 3092//4 3094//4 3093//4
f 3093//4 3094//4 3096//4
f 3095//4 3096//4 3098//4
f 3097//4 3098//4 3100//4
f 3100//4 3102//4 3101//4
f 3101//4 3102//4 3104//4
f 3104//4 3106//4 3105//4
f 3106//4 3108//4 3107//4
f 3107//4 3108//4 3110//4
f 3110//4 3112//4 3111//4
f 3111//4 3112//4 3114//4
f 3114//4 3116//4 3115//4
f 3115//4 3116//4 3118//4
f 3118//4 3120//4 3119//4
f 3119//4 3120//4 3122//4
f 3122//4 3124//4 3123//4
f 3124//4 3126//4 3125//4
f 3126//4 3128//4 3127//4
f 3128//4 3130//4 3129//4
f 3129//4 3130//4 3132//4
f 3132//4 3134//4 3133//4
f 3134//4 3136//4 3135//4
f 3135//4 3136//4 3138//4
f 3138//4 3140//4 3139//4
f 3139//4 3140//4 3142//4
f 3142//4 3144//4 3143//4
f 3144//4 3146//4 3145//4
f 3145//4 3146//4 3148//4
f 3148//4 3150//4 3149//4
f 3149//4 3150//4 3152//4
f 3152//4 3154//4 3153//4
f 3153//4 3154//4 3156//4
f 3155//4 3156//4 3158//4
f 3158//4 3160//4 3159//4
f 3159//4 3160//4 3162//4
f 3162//4 3164//4 3163//4
f 3163//4 3164//4 3166//4
f 3166//4 3168//4 3167//4
f 3167//4 3168//4 3170//4
f 3169//4 3170//4 3172//4
f 3172//4 3174//4 3173//4
f 3173//4 3174//4 3176//4
f 3176//4 3178//4 3177//4
f 3177//4 3178//4 3180//4
f 3180//4 3182//4 3181//4
f 3182//4 3184//4 3183//4
f 3183//4 3184//4 3186//4
f 3186//4 3188//4 3187//4
f 3188//4 3190//4 3189//4
f 3190//4 3192//4 3191//4
f 3192//4 3194//4 3193//4
f 3193//4 3194//4 3196//4
f 3196//4 3198//4 3197//4
f 3197//4 3198//4 3200//4
f 3200//4 3202//4 3201//4
f 3202//4 3204//4 3203//4
f 3203//4 3204//4 3206//4
f 3205//4 3206//4 3208//4
f 3208//4 3210//4 3209//4
f 3209//4 3210//4 3212//4
f 3212//4 3214//4 3213//4
f 3213//4 3214//4 3216//4
f 3215//4 3216//4 3218//4
f 3218//4 3220//4 3219//4
f 3219//4 3220//4 3222//4
f 3222//4 3224//4 3223//4
f 3223//4 3224//4 3226//4
f 3226//4 3228//4 3227//4
f 3227//4 3228//4 3230//4
f 3230//4 3232//4 3231//4
f 3232//4 3234//4 3233//4
f 3233//4 3234//4 3236//4
f 3236//4 3238//4 3237//4
f 3238//4 3240//4 3239//4
f 3239//4 3240//4 3242//4
f 3242//4 3244//4 3243//4
f 3243//4 3244//4 3246//4
f 3246//4 3248//4 3247//4
f 3247//4 3248//4 3250//4
f 3249//4 3250//4 3252//4
f 3252//4 3254//4 3253//4
f 3254//4 3256//4 3255//4
f 3256//4 3258//4 3257//4
f 3257//4 3258//4 3260//4
f 3260//4 3262//4 3261//4
f 3262//4 3264//4 3263//4
f 3263//4 3264//4 3266//4
f 3266//4 3268//4 3267//4
f 3267//4 3268//4 3270//4
f 3269//4 3270//4 3272//4
f 3272//4 3274//4 3273//4
f 3273//4 3274//4 3276//4
f 3276//4 3278//4 3277//4
f 3277//4 3278//4 3280//4
f 3280//4 3282//4 3281//4
f 3282//4 3284//4 3283//4
f 3283//4 3284//4 3286//4
f 3286//4 3288//4 3287//4
f 3287//4 3288//4 3290//4
f 3290//4 3292//4 3291//4
f 3291//4 3292//4 3294//4
f 3294//4 3296//4 3295//4
f 3295//4 3296//4 3298//4
f 3298//4 3300//4 3299//4
f 3300//4 3302//4 3301//4
f 3301//4 3302//4 3304//4
f 3304//4 3306//4 3305//4
f 3305//4 3306//4 3308//4
f 3307//4 3308//4 3310//4
f 3310//4 3312//4 3311//4
f 3311//4 3312//4 3314//4
f 3314//4 3316//4 3315//4
f 3315//4 3316//4 3318//4
f 3318//4 3320//4 3319//4
f 3320//4 3322//4 3321//4
f 3322//4 3324//4 3323//4
f 3324//4 3326//4 3325//4
f 3325//4 3326//4 3328//4
f 3328//4 3330//4 3329//4
f 3329//4 3330//4 3332//4
f 3331//4 3332//4 3334//4
f 3333//4 3334//4 3336//4
f 3336//4 3338//4 3337//4
f 3337//4 3338//4 3340//4
f 3340//4 3342//4 3341//4
f 3341//4 3342//4 3344//4
f 3343//4 3344//4 3346//4
f 3346//4 3348//4 3347//4
f 3347//4 3348//4 3350//4
f 3350//4 3352//4 3351//4
f 3351//4 3352//4 3354//4
f 3354//4 3356//4 3355//4
f 3356//4 3358//4 3357//4
f 3358//4 3360//4 3359//4
f 3360//4 3362//4 3361//4
f 3361//4 3362//4 3364//4
f 3364//4 3366//4 3365//4
f 3366//4 3368//4 3367//4
f 3367//4 3368//4 3370//4
f 3370//4 3372//4 3371//4
f 3371//4 3372//4 3374//4
f 3374//4 3376//4 3375//4
f 3375//4 3376//4 3378//4
f 3378//4 3380//4 3379//4
f 3380//4 3382//4 3381//4
f 3381//4 3382//4 3384//4
f 3383//4 3384//4 3386//4
f 3386//4 3388//4 3387//4
f 3388//4 3390//4 3389//4
f 3390//4 3392//4 3391//4
f 3391//4 3392//4 3394//4
f 3394//4 3396//4 3395//4
f 3395//4 3396//4 3398//4
f 3397//4 3398//4 3400//4
f 3400//4 3402//4 3401//4
f 3402//4 3404//4 3403//4
f 3404//4 3406//4 3405//4
f 3406//4 3408//4 3407//4
f 3407//4 3408//4 3410//4
f 3410//4 3412//4 3411//4
f 3411//4 3412//4 3414//4
f 3413//4 3414//4 3416//4
f 3416//4 3418//4 3417//4
f 3417//4 3418//4 3420//4
f 3420//4 3422//4 3421//4
f 3422//4 3424//4 3423//4
f 3423//4 3424//4 3426//4
f 3426//4 3428//4 3427//4
f 3427//4 3428//4 3430//4
f 3430//4 3432//4 3431//4
f 3431//4 3432//4 3434//4
f 3434//4 3436//4 3435//4
f 3435//4 3436//4 3438//4
f 3438//4 3440//4 3439//4
f 3440//4 3442//4 3441//4
f 3441//4 3442//4 3444//4
f 3444//4 3446//4 3445//4
f 3446//4 3448//4 3447//4
f 3447//4 3448//4 3450//4
f 3450//4 3452//4 3451//4
f 3451//4 3452//4 3454//4
f 3453//4 3454//4 3456//4
f 3456//4 3458//4 3457//4
f 3457//4 3458//4 3460//4
f 3459//4 3460//4 3462//4
f 3462//4 3464//4 3463//4
f 3464//4 3466//4 3465//4
f 3466//4 3468//4 3467//4
f 3467//4 3468//4 3470//4
f 3470//4 3472//4 3471//4
f 3472//4 3474//4 3473//4
f 3474//4 3476//4 3475//4
f 3476//4 3478//4 3477//4
f 3478//4 3480//4 3479//4
f 3480//4 3482//4 3481//4
f 3482//4 3484//4 3483//4
f 3484//4 3486//4 3485//4
f 3485//4 3486//4 3488//4
f 3488//4 3490//4 3489//4
f 3489//4 3490//4 3492//4
f 3492//4 3494//4 3493//4
f 3493//4 3494//4 3496//4
f 3496//4 3498//4 3497//4
f 3498//4 3500//4 3499//4
f 3499//4 3500//4 3502//4
f 3502//4 3504//4 3503//4
f 3503//4 3504//4 3506//4
f 3506//4 3508//4 3507//4
f 3508//4 3510//4 3509//4
f 3510//4 3512//4 3511//4
f 3512//4 3514//4 3513//4
f 3514//4 3516//4 3515//4
f 3515//4 3516//4 3518//4
f 3518//4 3520//4 3519//4
f 3519//4 3520//4 3522//4
f 3521//4 3522//4 3524//4
f 3523//4 3524//4 3526//4
f 3526//4 3528//4 3527//4
f 3528//4 3530//4 3529//4
f 3530//4 3532//4 3531//4
f 3532//4 3534//4 3533//4
f 3533//4 3534//4 3536//4
f 3535//4 3536//4 3538//4
f 3538//4 3540//4 3539//4
f 3539//4 3540//4 3542//4
f 3541//4 3542//4 3544//4
f 3544//4 3546//4 3545//4
f 3546//4 3548//4 3547//4
o lane_tape_4
v -3.009000 -1.955200 0.004000
v -3.009000 -2.056800 0.004000
v -2.959000 -1.955200 0.004000
v -2.959000 -2.056800 0.004000
v -2.859000 -1.955200 0.004000
v -2.859000 -2.056800 0.004000
v -2.708000 -1.955200 0.004000
v -2.708000 -2.056800 0.004000
v -2.508000 -1.955200 0.004000
v -2.508000 -2.056800 0.004000
v -2.307000 -1.955200 0.004000
v -2.307000 -2.056800 0.004000
v -2.106000 -1.955200 0.004000
v -2.106000 -2.056800 0.004000
v -1.906000 -1.955200 0.004000
v -1.906000 -2.056800 0.004000
v -1.705000 -1.955200 0.004000
v -1.705000 -2.056800 0.004000
v -1.505000 -1.955200 0.004000
v -1.505000 -2.056800 0.004000
v -1.304000 -1.955200 0.004000
v -1.304000 -2.056800 0.004000
v -1.103000 -1.955200 0.004000
v -1.103000 -2.056800 0.004000
v -0.903000 -1.955200 0.004000
v -0.903000 -2.056800 0.004000
v -0.702000 -1.955200 0.004000
v -0.702000 -2.056800 0.004000
v -0.502000 -1.955200 0.004000
v -0.502000 -2.056800 0.004000
v -0.301000 -1.955200 0.004000
v -0.301000 -2.056800 0.004000
v -0.100000 -1.955200 0.004000
v -0.100000 -2.056800 0.004000
v 0.100000 -1.955200 0.004000
v 0.100000 -2.056800 0.004000
v 0.301000 -1.955200 0.004000
v 0.301000 -2.056800 0.004000
v 0.502000 -1.955200 0.004000
v 0.502000 -2.056800 0.004000
v 0.702000 -1.955200 0.004000
v 0.702000 -2.056800 0.004000
v 0.903000 -1.955200 0.004000
v 0.903000 -2.056800 0.004000
v 1.103000 -1.955200 0.004000
v 1.103000 -2.056800 0.004000
v 1.304000 -1.955200 0.004000
v 1.304000 -2.056800 0.004000
v 1.505000 -1.955200 0.004000
v 1.505000 -2.056800 0.004000
v 1.705000 -1.955200 0.004000
v 1.705000 -2.056800 0.004000
v 1.906000 -1.955200 0.004000
v 1.906000 -2.056800 0.004000
v 2.106000 -1.955200 0.004000
v 2.106000 -2.056800 0.004000
v 2.307000 -1.955200 0.004000
v 2.307000 -2.056800 0.004000
v 2.508000 -1.955200 0.004000
v 2.508000 -2.056800 0.004000
v 2.708000 -1.955200 0.004000
v 2.708000 -2.056800 0.004000
v 2.909000 -1.955200 0.004000
v 2.909000 -2.056800 0.004000
v 3.109000 -1.955200 0.004000
v 3.109000 -2.056800 0.004000
v 3.310000 -1.955200 0.004000
v 3.310000 -2.056800 0.004000
v 3.511000 -1.955200 0.004000
v 3.511000 -2.056800 0.004000
v 3.711000 -1.955200 0.004000
v 3.711000 -2.056800 0.004000
v 3.912000 -1.955200 0.004000
v 3.912000 -2.056800 0.004000
v 4.113000 -1.955200 0.004000
v 4.113000 -2.056800 0.004000
v 4.313000 -1.955200 0.004000
v 4.313000 -2.056800 0.004000
v 4.514000 -1.955200 0.004000
v 4.514000 -2.056800 0.004000
v 4.714000 -1.955200 0.004000
v 4.714000 -2.056800 0.004000
v 4.915000 -1.955200 0.004000
v 4.915000 -2.056800 0.004000
v 5.116000 -1.955200 0.004000
v 5.116000 -2.056800 0.004000
v 5.316000 -1.955200 0.004000
v 5.316000 -2.056800 0.004000
v 5.517000 -1.955200 0.004000
v 5.517000 -2.056800 0.004000
v 5.717000 -1.955200 0.004000
v 5.717000 -2.056800 0.004000
v 5.918000 -1.955200 0.004000
v 5.918000 -2.056800 0.004000
v 6.119000 -1.955200 0.004000
v 6.119000 -2.056800 0.004000
v 6.319000 -1.955200 0.004000
v 6.319000 -2.056800 0.004000
v 6.520000 -1.955200 0.004000
v 6.520000 -2.056800 0.004000
v 6.720000 -1.955200 0.004000
v 6.720000 -2.056800 0.004000
v 6.921000 -1.955200 0.004000
v 6.921000 -2.056800 0.004000
v 7.122000 -1.955200 0.004000
v 7.122000 -2.056800 0.004000
v 7.322000 -1.955200 0.004000
v 7.322000 -2.056800 0.004000
v 7.523000 -1.955200 0.004000
v 7.523000 -2.056800 0.004000
v 7.724000 -1.955200 0.004000
v 7.724000 -2.056800 0.004000
v 7.924000 -1.955200 0.004000
v 7.924000 -2.056800 0.004000
v 8.125000 -1.955200 0.004000
v 8.125000 -2.056800 0.004000
v 8.325000 -1.955200 0.004000
v 8.325000 -2.056800 0.004000
v 8.526000 -1.955200 0.004000
v 8.526000 -2.056800 0.004000
v 8.727000 -1.955200 0.004000
v 8.727000 -2.056800 0.004000
v 8.927000 -1.955200 0.004000
v 8.927000 -2.056800 0.004000
v 9.128000 -1.955200 0.004000
v 9.128000 -2.056800 0.004000
v 9.328000 -1.955200 0.004000
v 9.328000 -2.056800 0.004000
v 9.529000 -1.955200 0.004000
v 9.529000 -2.056800 0.004000
v 9.730000 -1.955200 0.004000
v 9.730000 -2.056800 0.004000
v 9.930000 -1.955200 0.004000
v 9.930000 -2.056800 0.004000
v 10.131000 -1.955200 0.004000
v 10.131000 -2.056800 0.004000
v 10.331000 -1.955200 0.004000
v 10.331000 -2.056800 0.004000
v 10.532000 -1.955200 0.004000
v 10.532000 -2.056800 0.004000
v 10.733000 -1.955200 0.004000
v 10.733000 -2.056800 0.004000
v 10.933000 -1.955200 0.004000
v 10.933000 -2.056800 0.004000
v 11.134000 -1.955200 0.004000
v 11.134000 -2.056800 0.004000
v 11.335000 -1.955200 0.004000
v 11.335000 -2.056800 0.004000
v 11.535000 -1.955200 0.004000
v 11.535000 -2.056800 0.004000
v 11.736000 -1.955200 0.004000
v 11.736000 -2.056800 0.004000
v 11.936000 -1.955200 0.004000
v 11.936000 -2.056800 0.004000
v 12.137000 -1.955200 0.004000
v 12.137000 -2.056800 0.004000
v 12.338000 -1.955200 0.004000
v 12.338000 -2.056800 0.004000
v 12.538000 -1.955200 0.004000
v 12.538000 -2.056800 0.004000
v 12.739000 -1.955200 0.004000
v 12.739000 -2.056800 0.004000
v 12.956000 -1.955200 0.004000
v 12.956000 -2.056800 0.004000
v 13.190000 -1.955200 0.004000
v 13.190000 -2.056800 0.004000
v 13.441000 -1.955200 0.004000
v 13.441000 -2.056800 0.004000
v 13.709124 -1.955212 0.004000
v 13.706876 -2.056787 0.004000
v 13.941713 -1.966336 0.004000
v 13.934287 -2.067664 0.004000
v 14.138529 -1.986761 0.004000
v 14.123471 -2.087239 0.004000
v 14.298382 -2.019994 0.004000
v 14.271618 -2.118006 0.004000
v 14.422193 -2.064386 0.004000
v 14.381807 -2.157614 0.004000
v 14.528924 -2.119922 0.004000
v 14.475076 -2.206078 0.004000
v 14.619997 -2.188253 0.004000
v 14.552003 -2.263747 0.004000
v 14.693640 -2.268520 0.004000
v 14.612360 -2.329480 0.004000
v 14.748181 -2.358778 0.004000
v 14.657819 -2.405222 0.004000
v 14.792707 -2.460546 0.004000
v 14.697292 -2.495454 0.004000
v 14.827258 -2.574578 0.004000
v 14.728742 -2.599422 0.004000
v 14.853125 -2.699744 0.004000
v 14.752875 -2.716256 0.004000
v 14.870740 -2.839539 0.004000
v 14.769259 -2.844461 0.004000
v 14.866523 -2.981298 0.004000
v 14.765477 -2.970702 0.004000
v 14.841228 -3.121538 0.004000
v 14.742771 -3.096462 0.004000
v 14.795057 -3.262139 0.004000
v 14.700943 -3.223861 0.004000
v 14.729620 -3.397179 0.004000
v 14.636380 -3.356821 0.004000
v 14.680139 -3.527226 0.004000
v 14.583861 -3.494774 0.004000
v 14.642443 -3.655666 0.004000
v 14.543558 -3.632334 0.004000
v 14.619348 -3.784763 0.004000
v 14.518652 -3.771237 0.004000
v 14.607588 -3.916636 0.004000
v 14.506412 -3.907364 0.004000
v 14.596517 -4.034354 0.004000
v 14.495483 -4.023646 0.004000
v 14.584373 -4.135570 0.004000
v 14.483626 -4.122430 0.004000
v 14.572170 -4.220974 0.004000
v 14.471829 -4.205026 0.004000
v 14.560004 -4.288956 0.004000
v 14.459995 -4.271044 0.004000
v 14.547993 -4.356021 0.004000
v 14.448008 -4.337979 0.004000
v 14.535926 -4.422385 0.004000
v 14.436074 -4.403615 0.004000
v 14.522870 -4.489676 0.004000
v 14.423130 -4.470324 0.004000
v 14.509870 -4.556676 0.004000
v 14.410131 -4.537324 0.004000
v 14.496870 -4.623676 0.004000
v 14.397130 -4.604324 0.004000
v 14.483870 -4.690676 0.004000
v 14.384130 -4.671324 0.004000
v 14.470870 -4.757676 0.004000
v 14.371130 -4.738324 0.004000
v 14.457799 -4.825034 0.004000
v 14.358201 -4.804966 0.004000
v 14.443474 -4.893532 0.004000
v 14.344526 -4.870469 0.004000
v 14.426036 -4.961273 0.004000
v 14.327965 -4.934727 0.004000
v 14.406677 -5.029531 0.004000
v 14.309322 -5.000469 0.004000
v 14.385370 -5.097522 0.004000
v 14.288630 -5.066478 0.004000
v 14.363048 -5.165494 0.004000
v 14.266953 -5.132506 0.004000
v 14.338824 -5.233131 0.004000
v 14.243176 -5.198869 0.004000
v 14.314594 -5.300759 0.004000
v 14.219405 -5.265241 0.004000
v 14.288432 -5.368188 0.004000
v 14.193568 -5.331811 0.004000
v 14.263433 -5.434188 0.004000
v 14.168568 -5.397811 0.004000
v 14.237477 -5.501070 0.004000
v 14.142523 -5.464931 0.004000
v 14.212595 -5.567759 0.004000
v 14.117405 -5.532241 0.004000
v 14.187478 -5.635070 0.004000
v 14.092523 -5.598930 0.004000
v 14.161359 -5.702378 0.004000
v 14.066641 -5.665622 0.004000
v 14.135359 -5.769378 0.004000
v 14.040641 -5.732622 0.004000
v 14.109359 -5.836378 0.004000
v 14.014641 -5.799622 0.004000
v 14.083191 -5.903806 0.004000
v 13.988809 -5.866194 0.004000
v 14.056068 -5.970110 0.004000
v 13.961931 -5.931890 0.004000
v 14.029240 -6.036684 0.004000
v 13.934761 -5.999316 0.004000
v 14.003239 -6.103684 0.004000
v 13.908761 -6.066316 0.004000
v 13.976118 -6.170988 0.004000
v 13.881882 -6.133012 0.004000
v 13.949240 -6.237684 0.004000
v 13.854761 -6.200316 0.004000
v 13.923359 -6.304378 0.004000
v 13.828641 -6.267622 0.004000
v 13.897359 -6.371378 0.004000
v 13.802641 -6.334622 0.004000
v 13.871312 -6.438498 0.004000
v 13.776688 -6.401502 0.004000
v 13.845432 -6.504189 0.004000
v 13.750567 -6.467812 0.004000
v 13.820477 -6.571070 0.004000
v 13.725522 -6.534930 0.004000
v 13.794477 -6.638070 0.004000
v 13.699522 -6.601930 0.004000
v 13.769594 -6.704759 0.004000
v 13.674405 -6.669241 0.004000
v 13.744595 -6.771759 0.004000
v 13.649405 -6.736241 0.004000
v 13.719595 -6.838759 0.004000
v 13.624405 -6.803241 0.004000
v 13.694594 -6.905759 0.004000
v 13.599405 -6.870241 0.004000
v 13.669551 -6.972877 0.004000
v 13.574450 -6.937124 0.004000
v 13.644668 -7.038562 0.004000
v 13.549333 -7.003438 0.004000
v 13.620936 -7.104814 0.004000
v 13.525064 -7.071187 0.004000
v 13.597937 -7.171813 0.004000
v 13.502063 -7.138186 0.004000
v 13.573824 -7.239131 0.004000
v 13.478176 -7.204869 0.004000
v 13.549710 -7.306446 0.004000
v 13.454289 -7.271554 0.004000
v 13.524478 -7.374070 0.004000
v 13.429523 -7.337930 0.004000
v 13.498191 -7.441806 0.004000
v 13.403809 -7.404194 0.004000
v 13.471068 -7.508111 0.004000
v 13.376931 -7.469890 0.004000
v 13.444118 -7.574988 0.004000
v 13.349882 -7.537012 0.004000
v 13.417118 -7.641988 0.004000
v 13.322882 -7.604012 0.004000
v 13.390118 -7.708988 0.004000
v 13.295882 -7.671012 0.004000
v 13.363118 -7.775988 0.004000
v 13.268882 -7.738012 0.004000
v 13.336118 -7.842988 0.004000
v 13.241882 -7.805012 0.004000
v 13.308995 -7.910289 0.004000
v 13.215005 -7.871711 0.004000
v 13.280692 -7.978011 0.004000
v 13.187307 -7.937989 0.004000
v 13.251819 -8.043714 0.004000
v 13.158181 -8.004287 0.004000
v 13.225118 -8.109988 0.004000
v 13.130882 -8.072012 0.004000
v 13.198239 -8.176684 0.004000
v 13.103761 -8.139316 0.004000
v 13.172359 -8.243379 0.004000
v 13.077641 -8.206622 0.004000
v 13.146478 -8.310070 0.004000
v 13.051522 -8.273931 0.004000
v 13.121594 -8.376760 0.004000
v 13.026405 -8.341241 0.004000
v 13.096478 -8.444070 0.004000
v 13.001522 -8.407930 0.004000
v 13.070433 -8.511189 0.004000
v 12.975568 -8.474812 0.004000
v 13.045432 -8.577188 0.004000
v 12.950567 -8.540812 0.004000
v 13.019359 -8.644379 0.004000
v 12.924641 -8.607622 0.004000
v 12.993239 -8.711684 0.004000
v 12.898761 -8.674315 0.004000
v 12.966239 -8.778685 0.004000
v 12.871761 -8.741316 0.004000
v 12.940118 -8.845988 0.004000
v 12.845882 -8.808012 0.004000
v 12.911872 -8.913588 0.004000
v 12.818129 -8.874412 0.004000
v 12.883820 -8.980713 0.004000
v 12.790181 -8.941287 0.004000
v 12.855693 -9.047011 0.004000
v 12.762307 -9.006989 0.004000
v 12.826747 -9.113885 0.004000
v 12.733253 -9.074115 0.004000
v 12.798872 -9.180588 0.004000
v 12.705129 -9.141412 0.004000
v 12.770995 -9.247290 0.004000
v 12.677005 -9.208711 0.004000
v 12.744118 -9.313988 0.004000
v 12.649882 -9.276012 0.004000
v 12.716995 -9.381289 0.004000
v 12.623005 -9.342711 0.004000
v 12.688871 -9.448588 0.004000
v 12.595128 -9.409412 0.004000
v 12.660692 -9.516011 0.004000
v 12.567307 -9.475989 0.004000
v 12.631436 -9.582600 0.004000
v 12.538564 -9.541401 0.004000
v 12.601493 -9.649470 0.004000
v 12.508507 -9.608529 0.004000
v 12.572746 -9.715885 0.004000
v 12.479254 -9.676115 0.004000
v 12.544995 -9.782290 0.004000
v 12.451005 -9.743711 0.004000
v 12.518118 -9.848988 0.004000
v 12.423882 -9.811012 0.004000
v 12.491240 -9.915684 0.004000
v 12.396761 -9.878316 0.004000
v 12.465478 -9.982070 0.004000
v 12.370522 -9.945930 0.004000
v 12.440551 -10.048876 0.004000
v 12.345449 -10.013124 0.004000
v 12.415668 -10.114562 0.004000
v 12.320333 -10.079438 0.004000
v 12.391825 -10.181131 0.004000
v 12.296176 -10.146869 0.004000
v 12.367825 -10.248131 0.004000
v 12.272176 -10.213869 0.004000
v 12.343824 -10.315131 0.004000
v 12.248176 -10.280869 0.004000
v 12.319824 -10.382131 0.004000
v 12.224175 -10.347869 0.004000
v 12.295824 -10.449131 0.004000
v 12.200175 -10.414868 0.004000
v 12.271710 -10.516446 0.004000
v 12.176290 -10.481554 0.004000
v 12.246551 -10.583877 0.004000
v 12.151449 -10.548123 0.004000
v 12.221433 -10.650188 0.004000
v 12.126568 -10.613811 0.004000
v 12.195359 -10.717379 0.004000
v 12.100641 -10.680622 0.004000
v 12.169477 -10.784070 0.004000
v 12.074522 -10.747931 0.004000
v 12.144478 -10.851069 0.004000
v 12.049522 -10.814930 0.004000
v 12.118478 -10.918070 0.004000
v 12.023522 -10.881930 0.004000
v 12.093595 -10.984759 0.004000
v 11.998405 -10.949241 0.004000
v 12.068667 -11.051561 0.004000
v 11.973332 -11.016438 0.004000
v 12.044668 -11.117562 0.004000
v 11.949332 -11.082438 0.004000
v 12.019711 -11.184446 0.004000
v 11.924290 -11.149553 0.004000
v 11.995824 -11.251131 0.004000
v 11.900176 -11.216868 0.004000
v 11.971710 -11.318446 0.004000
v 11.876289 -11.283554 0.004000
v 11.946594 -11.385759 0.004000
v 11.851405 -11.350241 0.004000
v 11.921595 -11.452760 0.004000
v 11.826406 -11.417241 0.004000
v 11.896595 -11.519759 0.004000
v 11.801405 -11.484241 0.004000
v 11.871432 -11.587188 0.004000
v 11.776567 -11.550812 0.004000
v 11.845191 -11.653806 0.004000
v 11.750809 -11.616195 0.004000
v 11.818118 -11.720988 0.004000
v 11.723882 -11.683012 0.004000
v 11.791118 -11.787988 0.004000
v 11.696882 -11.750012 0.004000
v 11.764239 -11.854684 0.004000
v 11.669761 -11.817316 0.004000
v 11.738239 -11.921684 0.004000
v 11.643761 -11.884315 0.004000
v 11.711118 -11.988988 0.004000
v 11.616882 -11.951013 0.004000
v 11.684118 -12.055987 0.004000
v 11.589882 -12.018012 0.004000
v 11.657191 -12.122806 0.004000
v 11.562809 -12.085195 0.004000
v 11.631191 -12.188806 0.004000
v 11.536809 -12.151195 0.004000
v 11.604239 -12.255684 0.004000
v 11.509761 -12.218316 0.004000
v 11.578118 -12.322988 0.004000
v 11.483882 -12.285012 0.004000
v 11.549747 -12.390884 0.004000
v 11.456253 -12.351115 0.004000
v 11.520365 -12.458760 0.004000
v 11.427636 -12.417240 0.004000
v 11.488840 -12.526894 0.004000
v 11.397160 -12.483107 0.004000
v 11.455776 -12.594028 0.004000
v 11.364224 -12.549973 0.004000
v 11.425043 -12.659464 0.004000
v 11.332957 -12.616536 0.004000
v 11.394235 -12.726048 0.004000
v 11.301765 -12.683953 0.004000
v 11.364492 -12.792471 0.004000
v 11.271507 -12.751530 0.004000
v 11.335620 -12.859179 0.004000
v 11.242380 -12.818821 0.004000
v 11.306621 -12.926179 0.004000
v 11.213380 -12.885821 0.004000
v 11.277493 -12.993471 0.004000
v 11.184507 -12.952529 0.004000
v 11.247364 -13.060760 0.004000
v 11.154635 -13.019239 0.004000
v 11.217175 -13.128178 0.004000
v 11.124825 -13.085822 0.004000
v 11.186175 -13.194178 0.004000
v 11.093825 -13.151822 0.004000
v 11.156235 -13.261047 0.004000
v 11.063766 -13.218953 0.004000
v 11.125104 -13.328332 0.004000
v 11.032896 -13.285668 0.004000
v 11.094104 -13.395332 0.004000
v 11.001896 -13.352668 0.004000
v 11.063364 -13.461761 0.004000
v 10.970635 -13.420239 0.004000
v 11.034620 -13.528179 0.004000
v 10.941380 -13.487821 0.004000
v 11.005872 -13.594588 0.004000
v 10.912128 -13.555412 0.004000
v 10.979069 -13.661110 0.004000
v 10.884932 -13.622890 0.004000
v 10.952312 -13.726499 0.004000
v 10.857688 -13.689502 0.004000
v 10.927711 -13.792446 0.004000
v 10.832290 -13.757554 0.004000
v 10.904048 -13.858494 0.004000
v 10.807952 -13.825506 0.004000
v 10.882371 -13.924522 0.004000
v 10.785629 -13.893478 0.004000
v 10.861475 -13.991194 0.004000
v 10.764525 -13.960807 0.004000
v 10.840776 -14.057196 0.004000
v 10.743224 -14.028804 0.004000
v 10.823060 -14.123180 0.004000
v 10.724939 -14.096820 0.004000
v 10.805127 -14.189928 0.004000
v 10.706873 -14.164072 0.004000
v 10.788390 -14.254883 0.004000
v 10.689610 -14.231116 0.004000
v 10.773650 -14.320745 0.004000
v 10.674350 -14.299254 0.004000
v 10.759799 -14.387034 0.004000
v 10.660201 -14.366965 0.004000
v 10.746870 -14.453676 0.004000
v 10.647130 -14.434323 0.004000
v 10.733870 -14.520677 0.004000
v 10.634130 -14.501324 0.004000
v 10.720799 -14.588035 0.004000
v 10.621201 -14.567966 0.004000
v 10.706711 -14.655465 0.004000
v 10.607289 -14.634535 0.004000
v 10.692856 -14.720746 0.004000
v 10.593143 -14.701254 0.004000
v 10.681129 -14.786230 0.004000
v 10.580871 -14.769770 0.004000
v 10.671348 -14.851763 0.004000
v 10.570652 -14.838237 0.004000
v 10.663563 -14.916905 0.004000
v 10.562437 -14.907095 0.004000
v 10.658659 -14.982780 0.004000
v 10.557341 -14.975220 0.004000
v 10.653659 -15.049781 0.004000
v 10.552341 -15.042219 0.004000
v 10.648685 -15.116405 0.004000
v 10.547315 -15.109596 0.004000
v 10.644730 -15.182670 0.004000
v 10.543270 -15.177330 0.004000
v 10.641764 -15.247909 0.004000
v 10.540236 -15.244092 0.004000
v 10.639794 -15.313758 0.004000
v 10.538206 -15.312242 0.004000
v 10.639798 -15.379621 0.004000
v 10.538201 -15.380380 0.004000
v 10.640778 -15.445484 0.004000
v 10.539223 -15.448516 0.004000
v 10.643731 -15.511350 0.004000
v 10.542269 -15.516650 0.004000
v 10.647686 -15.577596 0.004000
v 10.546314 -15.584404 0.004000
v 10.652630 -15.643844 0.004000
v 10.551371 -15.652156 0.004000
v 10.658559 -15.710058 0.004000
v 10.557441 -15.719942 0.004000
v 10.665480 -15.775307 0.004000
v 10.564520 -15.786694 0.004000
v 10.673442 -15.841977 0.004000
v 10.572558 -15.854023 0.004000
v 10.681441 -15.908978 0.004000
v 10.580558 -15.921022 0.004000
v 10.689396 -15.975606 0.004000
v 10.588604 -15.988394 0.004000
v 10.698297 -16.041868 0.004000
v 10.597703 -16.056131 0.004000
v 10.708243 -16.108501 0.004000
v 10.607757 -16.123499 0.004000
v 10.718235 -16.175446 0.004000
v 10.617764 -16.190554 0.004000
v 10.728235 -16.241446 0.004000
v 10.627765 -16.256554 0.004000
v 10.738188 -16.308134 0.004000
v 10.637813 -16.323866 0.004000
v 10.749068 -16.374407 0.004000
v 10.648932 -16.391594 0.004000
v 10.760939 -16.440683 0.004000
v 10.661061 -16.459316 0.004000
v 10.773870 -16.507324 0.004000
v 10.674130 -16.526676 0.004000
v 10.786870 -16.574324 0.004000
v 10.687130 -16.593676 0.004000
v 10.799870 -16.641325 0.004000
v 10.700130 -16.660675 0.004000
v 10.812857 -16.708254 0.004000
v 10.713143 -16.727747 0.004000
v 10.825926 -16.774614 0.004000
v 10.726074 -16.793385 0.004000
v 10.837870 -16.841324 0.004000
v 10.738130 -16.860676 0.004000
v 10.851573 -16.906902 0.004000
v 10.752427 -16.929098 0.004000
v 10.867240 -16.972506 0.004000
v 10.768761 -16.997494 0.004000
v 10.884968 -17.038479 0.004000
v 10.787032 -17.065521 0.004000
v 10.903776 -17.104805 0.004000
v 10.806224 -17.133196 0.004000
v 10.923677 -17.171469 0.004000
v 10.826323 -17.200531 0.004000
v 10.943545 -17.238035 0.004000
v 10.846455 -17.267965 0.004000
v 10.964545 -17.304035 0.004000
v 10.867455 -17.333965 0.004000
v 10.984577 -17.371138 0.004000
v 10.887423 -17.400864 0.004000
v 11.005577 -17.438137 0.004000
v 10.908423 -17.467863 0.004000
v 11.025577 -17.505136 0.004000
v 10.928423 -17.534863 0.004000
v 11.046577 -17.572138 0.004000
v 10.949423 -17.601864 0.004000
v 11.066677 -17.639469 0.004000
v 10.969322 -17.668531 0.004000
v 11.086577 -17.706137 0.004000
v 10.989423 -17.735863 0.004000
v 11.107442 -17.772703 0.004000
v 11.010558 -17.803297 0.004000
v 11.128546 -17.839035 0.004000
v 11.031454 -17.868965 0.004000
v 11.148475 -17.905807 0.004000
v 11.051525 -17.936193 0.004000
v 11.170265 -17.972153 0.004000
v 11.073735 -18.003847 0.004000
v 11.192265 -18.039152 0.004000
v 11.095736 -18.070848 0.004000
v 11.214157 -18.105827 0.004000
v 11.117843 -18.138172 0.004000
v 11.237048 -18.172506 0.004000
v 11.140952 -18.205494 0.004000
v 11.260120 -18.239719 0.004000
v 11.163879 -18.272282 0.004000
v 11.282336 -18.306372 0.004000
v 11.185663 -18.337627 0.004000
v 11.303577 -18.374138 0.004000
v 11.206423 -18.403864 0.004000
v 11.323577 -18.441137 0.004000
v 11.226423 -18.470863 0.004000
v 11.344577 -18.508137 0.004000
v 11.247423 -18.537863 0.004000
v 11.364577 -18.575136 0.004000
v 11.267423 -18.604864 0.004000
v 11.385577 -18.642138 0.004000
v 11.288423 -18.671864 0.004000
v 11.405678 -18.709469 0.004000
v 11.308323 -18.738531 0.004000
v 11.425648 -18.776369 0.004000
v 11.328353 -18.805632 0.004000
v 11.445747 -18.842705 0.004000
v 11.348252 -18.871294 0.004000
v 11.464872 -18.910141 0.004000
v 11.367127 -18.937860 0.004000
v 11.483776 -18.976805 0.004000
v 11.386224 -19.005196 0.004000
v 11.503677 -19.043470 0.004000
v 11.406322 -19.072531 0.004000
v 11.523577 -19.110136 0.004000
v 11.426423 -19.139864 0.004000
v 11.544577 -19.177137 0.004000
v 11.447423 -19.206863 0.004000
v 11.564577 -19.244137 0.004000
v 11.467422 -19.273863 0.004000
v 11.585546 -19.311035 0.004000
v 11.488455 -19.340965 0.004000
v 11.605747 -19.377705 0.004000
v 11.508253 -19.406294 0.004000
v 11.624968 -19.445478 0.004000
v 11.527033 -19.472521 0.004000
v 11.643061 -19.512819 0.004000
v 11.544940 -19.539181 0.004000
v 11.661060 -19.579819 0.004000
v 11.562940 -19.606180 0.004000
v 11.679151 -19.647161 0.004000
v 11.580849 -19.672838 0.004000
v 11.696239 -19.714506 0.004000
v 11.597760 -19.739494 0.004000
v 11.713218 -19.781418 0.004000
v 11.614782 -19.806581 0.004000
v 11.730127 -19.847071 0.004000
v 11.631873 -19.872929 0.004000
v 11.748060 -19.913820 0.004000
v 11.649940 -19.940180 0.004000
v 11.766061 -19.980820 0.004000
v 11.667939 -20.007179 0.004000
v 11.784060 -20.047819 0.004000
v 11.685940 -20.074181 0.004000
v 11.802151 -20.115162 0.004000
v 11.703849 -20.140839 0.004000
v 11.819326 -20.182852 0.004000
v 11.720674 -20.207148 0.004000
v 11.835411 -20.250200 0.004000
v 11.736589 -20.273800 0.004000
v 11.851391 -20.317118 0.004000
v 11.752609 -20.340883 0.004000
v 11.867474 -20.383469 0.004000
v 11.768526 -20.406532 0.004000
v 11.882573 -20.450901 0.004000
v 11.783427 -20.473099 0.004000
v 11.897573 -20.517902 0.004000
v 11.798428 -20.540098 0.004000
v 11.912493 -20.584551 0.004000
v 11.813507 -20.607450 0.004000
v 11.928411 -20.651199 0.004000
v 11.829590 -20.674799 0.004000
v 11.944240 -20.717506 0.004000
v 11.845760 -20.742495 0.004000
v 11.961967 -20.783480 0.004000
v 11.864033 -20.810520 0.004000
v 11.980942 -20.850386 0.004000
v 11.883059 -20.877615 0.004000
v 11.999036 -20.916727 0.004000
v 11.900965 -20.943274 0.004000
v 12.017060 -20.983820 0.004000
v 11.918940 -21.010181 0.004000
v 12.035061 -21.050819 0.004000
v 11.936939 -21.077181 0.004000
v 12.053151 -21.118162 0.004000
v 11.954849 -21.143837 0.004000
v 12.070326 -21.185852 0.004000
v 11.971674 -21.210148 0.004000
v 12.086327 -21.252853 0.004000
v 11.987674 -21.277147 0.004000
v 12.103305 -21.319767 0.004000
v 12.004695 -21.344233 0.004000
v 12.119473 -21.386469 0.004000
v 12.020526 -21.409533 0.004000
v 12.134493 -21.453550 0.004000
v 12.035507 -21.476450 0.004000
v 12.150411 -21.520201 0.004000
v 12.051589 -21.543798 0.004000
v 12.166410 -21.587200 0.004000
v 12.067590 -21.610800 0.004000
v 12.182493 -21.654551 0.004000
v 12.083508 -21.677450 0.004000
v 12.197493 -21.721550 0.004000
v 12.098507 -21.744450 0.004000
v 12.213492 -21.788549 0.004000
v 12.114507 -21.811449 0.004000
v 12.228555 -21.855822 0.004000
v 12.129445 -21.878178 0.004000
v 12.243634 -21.922178 0.004000
v 12.144366 -21.943823 0.004000
v 12.257650 -21.989254 0.004000
v 12.158349 -22.010746 0.004000
v 12.272573 -22.055902 0.004000
v 12.173428 -22.078098 0.004000
v 12.287650 -22.123255 0.004000
v 12.188350 -22.144745 0.004000
v 12.301726 -22.190609 0.004000
v 12.202274 -22.211391 0.004000
v 12.315726 -22.257610 0.004000
v 12.216274 -22.278391 0.004000
v 12.329799 -22.324966 0.004000
v 12.230201 -22.345034 0.004000
v 12.342926 -22.392616 0.004000
v 12.243074 -22.411385 0.004000
v 12.354993 -22.458979 0.004000
v 12.255008 -22.477022 0.004000
v 12.366870 -22.525324 0.004000
v 12.267130 -22.544676 0.004000
v 12.380726 -22.591610 0.004000
v 12.281274 -22.612391 0.004000
v 12.394650 -22.658255 0.004000
v 12.295349 -22.679745 0.004000
v 12.409573 -22.724901 0.004000
v 12.310427 -22.747099 0.004000
v 12.424573 -22.791901 0.004000
v 12.325427 -22.814098 0.004000
v 12.439493 -22.858551 0.004000
v 12.340508 -22.881451 0.004000
v 12.455391 -22.925117 0.004000
v 12.356609 -22.948883 0.004000
v 12.471474 -22.991468 0.004000
v 12.372526 -23.014532 0.004000
v 12.486493 -23.058550 0.004000
v 12.387507 -23.081450 0.004000
v 12.502493 -23.125549 0.004000
v 12.403507 -23.148449 0.004000
v 12.517651 -23.193254 0.004000
v 12.418349 -23.214745 0.004000
v 12.531573 -23.259901 0.004000
v 12.432427 -23.282099 0.004000
v 12.547411 -23.326200 0.004000
v 12.448589 -23.349800 0.004000
v 12.563391 -23.393116 0.004000
v 12.464609 -23.416883 0.004000
v 12.579305 -23.458767 0.004000
v 12.480695 -23.483234 0.004000
v 12.596240 -23.525507 0.004000
v 12.497761 -23.550493 0.004000
v 12.613239 -23.592506 0.004000
v 12.514760 -23.617495 0.004000
v 12.630151 -23.659163 0.004000
v 12.531849 -23.684837 0.004000
v 12.647967 -23.725479 0.004000
v 12.550033 -23.752522 0.004000
v 12.666967 -23.792479 0.004000
v 12.569033 -23.819521 0.004000
v 12.685240 -23.860506 0.004000
v 12.586761 -23.885494 0.004000
v 12.701390 -23.928116 0.004000
v 12.602610 -23.951883 0.004000
v 12.717474 -23.994469 0.004000
v 12.618526 -24.017530 0.004000
v 12.732651 -24.062254 0.004000
v 12.633349 -24.083746 0.004000
v 12.746726 -24.129610 0.004000
v 12.647274 -24.150391 0.004000
v 12.760726 -24.196609 0.004000
v 12.661274 -24.217390 0.004000
v 12.774799 -24.263966 0.004000
v 12.675200 -24.284035 0.004000
v 12.787870 -24.331324 0.004000
v 12.688130 -24.350676 0.004000
v 12.800870 -24.398323 0.004000
v 12.701130 -24.417677 0.004000
v 12.813856 -24.465254 0.004000
v 12.714144 -24.484747 0.004000
v 12.826857 -24.531254 0.004000
v 12.727143 -24.550747 0.004000
v 12.839869 -24.598324 0.004000
v 12.740130 -24.617676 0.004000
v 12.852799 -24.664967 0.004000
v 12.753201 -24.685034 0.004000
v 12.866651 -24.731255 0.004000
v 12.767349 -24.752745 0.004000
v 12.881573 -24.797901 0.004000
v 12.782427 -24.820099 0.004000
v 12.896650 -24.865255 0.004000
v 12.797349 -24.886745 0.004000
v 12.910710 -24.932535 0.004000
v 12.811290 -24.953465 0.004000
v 12.924710 -24.998535 0.004000
v 12.825290 -25.019464 0.004000
v 12.938799 -25.065966 0.004000
v 12.839201 -25.086035 0.004000
v 12.951870 -25.133324 0.004000
v 12.852130 -25.152676 0.004000
v 12.965004 -25.201044 0.004000
v 12.864996 -25.218956 0.004000
v 12.976129 -25.268770 0.004000
v 12.875871 -25.285231 0.004000
v 12.987244 -25.336500 0.004000
v 12.886757 -25.351500 0.004000
v 12.996347 -25.404238 0.004000
v 12.895652 -25.417763 0.004000
v 13.005390 -25.471560 0.004000
v 12.904610 -25.484442 0.004000
v 13.013436 -25.537933 0.004000
v 12.912563 -25.550068 0.004000
v 13.021441 -25.604977 0.004000
v 12.920558 -25.617023 0.004000
v 13.029485 -25.672348 0.004000
v 12.928515 -25.683651 0.004000
v 13.036597 -25.740469 0.004000
v 12.935403 -25.749531 0.004000
v 13.041659 -25.808220 0.004000
v 12.940341 -25.815781 0.004000
v 13.046686 -25.875595 0.004000
v 12.945314 -25.882404 0.004000
v 13.050731 -25.943350 0.004000
v 12.949269 -25.948650 0.004000
v 13.053777 -26.011473 0.004000
v 12.952223 -26.014526 0.004000
v 13.054794 -26.078236 0.004000
v 12.953206 -26.079763 0.004000
v 13.055799 -26.145620 0.004000
v 12.954202 -26.146379 0.004000
v 13.055799 -26.212622 0.004000
v 12.954202 -26.213379 0.004000
v 13.056794 -26.279242 0.004000
v 12.955206 -26.280758 0.004000
v 13.057795 -26.346241 0.004000
v 12.956205 -26.347759 0.004000
v 13.058787 -26.412863 0.004000
v 12.957212 -26.415136 0.004000
v 13.060778 -26.479485 0.004000
v 12.959223 -26.482515 0.004000
v 13.062778 -26.546473 0.004000
v 12.961223 -26.549526 0.004000
v 13.064777 -26.612473 0.004000
v 12.963223 -26.615526 0.004000
v 13.066788 -26.679863 0.004000
v 12.965213 -26.682137 0.004000
v 13.067787 -26.746862 0.004000
v 12.966212 -26.749138 0.004000
v 13.069787 -26.813864 0.004000
v 12.968213 -26.816137 0.004000
v 13.070799 -26.881620 0.004000
v 12.969201 -26.882380 0.004000
v 13.070800 -26.948999 0.004000
v 12.969200 -26.948999 0.004000
v 13.070799 -27.016382 0.004000
v 12.969201 -27.015617 0.004000
v 13.069787 -27.083145 0.004000
v 12.968213 -27.080854 0.004000
v 13.067764 -27.150894 0.004000
v 12.966235 -27.147106 0.004000
v 13.064731 -27.218651 0.004000
v 12.963269 -27.213350 0.004000
v 13.060686 -27.286404 0.004000
v 12.959314 -27.279596 0.004000
v 13.055686 -27.353405 0.004000
v 12.954314 -27.346596 0.004000
v 13.051686 -27.420404 0.004000
v 12.950315 -27.413595 0.004000
v 13.046659 -27.487782 0.004000
v 12.945341 -27.480219 0.004000
v 13.041627 -27.555187 0.004000
v 12.940372 -27.546812 0.004000
v 13.035627 -27.621187 0.004000
v 12.934373 -27.612812 0.004000
v 13.030630 -27.688156 0.004000
v 12.929370 -27.679844 0.004000
v 13.024563 -27.755905 0.004000
v 12.923437 -27.746096 0.004000
v 13.017563 -27.822905 0.004000
v 12.916437 -27.813095 0.004000
v 13.011562 -27.889906 0.004000
v 12.910438 -27.880095 0.004000
v 13.004485 -27.957651 0.004000
v 12.903515 -27.946348 0.004000
v 12.996485 -28.024651 0.004000
v 12.895515 -28.013350 0.004000
v 12.989480 -28.091694 0.004000
v 12.888520 -28.080307 0.004000
v 12.981390 -28.158442 0.004000
v 12.880610 -28.145559 0.004000
v 12.972297 -28.226131 0.004000
v 12.871703 -28.211868 0.004000
v 12.962243 -28.293499 0.004000
v 12.861756 -28.278502 0.004000
v 12.952188 -28.360865 0.004000
v 12.851812 -28.345135 0.004000
v 12.941129 -28.428230 0.004000
v 12.840871 -28.411770 0.004000
v 12.930068 -28.495594 0.004000
v 12.829932 -28.478407 0.004000
v 12.917993 -28.563021 0.004000
v 12.818007 -28.544979 0.004000
v 12.905926 -28.629385 0.004000
v 12.806074 -28.610615 0.004000
v 12.892799 -28.697035 0.004000
v 12.793200 -28.676966 0.004000
v 12.878572 -28.765099 0.004000
v 12.779428 -28.742901 0.004000
v 12.862327 -28.833147 0.004000
v 12.763674 -28.808853 0.004000
v 12.845240 -28.900494 0.004000
v 12.746760 -28.875507 0.004000
v 12.828239 -28.967493 0.004000
v 12.729760 -28.942507 0.004000
v 12.811060 -29.035181 0.004000
v 12.712939 -29.008820 0.004000
v 12.791942 -29.102615 0.004000
v 12.694058 -29.075384 0.004000
v 12.773941 -29.168615 0.004000
v 12.676059 -29.141384 0.004000
v 12.754776 -29.236197 0.004000
v 12.657224 -29.207804 0.004000
v 12.734577 -29.303864 0.004000
v 12.637423 -29.274137 0.004000
v 12.713474 -29.371193 0.004000
v 12.616526 -29.340807 0.004000
v 12.692474 -29.438194 0.004000
v 12.595526 -29.407806 0.004000
v 12.671371 -29.505522 0.004000
v 12.574630 -29.474478 0.004000
v 12.649370 -29.572521 0.004000
v 12.552629 -29.541477 0.004000
v 12.628337 -29.639627 0.004000
v 12.531664 -29.608372 0.004000
v 12.606120 -29.706282 0.004000
v 12.509880 -29.673719 0.004000
v 12.582937 -29.773813 0.004000
v 12.487063 -29.740187 0.004000
v 12.558825 -29.841131 0.004000
v 12.463176 -29.806870 0.004000
v 12.534595 -29.908758 0.004000
v 12.439405 -29.873241 0.004000
v 12.508359 -29.976377 0.004000
v 12.413641 -29.939621 0.004000
v 12.482477 -30.043070 0.004000
v 12.387523 -30.006929 0.004000
v 12.457478 -30.110069 0.004000
v 12.362522 -30.073931 0.004000
v 12.431433 -30.177189 0.004000
v 12.336568 -30.140812 0.004000
v 12.406432 -30.243189 0.004000
v 12.311567 -30.206812 0.004000
v 12.380239 -30.310684 0.004000
v 12.285761 -30.273315 0.004000
v 12.353118 -30.377987 0.004000
v 12.258882 -30.340012 0.004000
v 12.325995 -30.445290 0.004000
v 12.232004 -30.406712 0.004000
v 12.297996 -30.512289 0.004000
v 12.204004 -30.473711 0.004000
v 12.270995 -30.579288 0.004000
v 12.177005 -30.540710 0.004000
v 12.242945 -30.646414 0.004000
v 12.149055 -30.607588 0.004000
v 12.216068 -30.712111 0.004000
v 12.121932 -30.673889 0.004000
v 12.189118 -30.778988 0.004000
v 12.094882 -30.741013 0.004000
v 12.162239 -30.845684 0.004000
v 12.067760 -30.808315 0.004000
v 12.136359 -30.912378 0.004000
v 12.041641 -30.875622 0.004000
v 12.110359 -30.979378 0.004000
v 12.015641 -30.942621 0.004000
v 12.084239 -31.046684 0.004000
v 11.989760 -31.009315 0.004000
v 12.057240 -31.113684 0.004000
v 11.962761 -31.076317 0.004000
v 12.031069 -31.181110 0.004000
v 11.936932 -31.142889 0.004000
v 12.002944 -31.247414 0.004000
v 11.909056 -31.208588 0.004000
v 11.975995 -31.314289 0.004000
v 11.882005 -31.275711 0.004000
v 11.948118 -31.380987 0.004000
v 11.853882 -31.343012 0.004000
v 11.922239 -31.447683 0.004000
v 11.827761 -31.410316 0.004000
v 11.895239 -31.514685 0.004000
v 11.800761 -31.477316 0.004000
v 11.869477 -31.581070 0.004000
v 11.774523 -31.544930 0.004000
v 11.844595 -31.647758 0.004000
v 11.749405 -31.612242 0.004000
v 11.819668 -31.714561 0.004000
v 11.724332 -31.679438 0.004000
v 11.795897 -31.779926 0.004000
v 11.700103 -31.746075 0.004000
v 11.772824 -31.847132 0.004000
v 11.677176 -31.812868 0.004000
v 11.747595 -31.914759 0.004000
v 11.652406 -31.879240 0.004000
v 11.722478 -31.982069 0.004000
v 11.627522 -31.945930 0.004000
v 11.696359 -32.049377 0.004000
v 11.601641 -32.012623 0.004000
v 11.670239 -32.116684 0.004000
v 11.575761 -32.079315 0.004000
v 11.643068 -32.184109 0.004000
v 11.548932 -32.145889 0.004000
v 11.616191 -32.249805 0.004000
v 11.521809 -32.212196 0.004000
v 11.590240 -32.316685 0.004000
v 11.495761 -32.279316 0.004000
v 11.563118 -32.383987 0.004000
v 11.468882 -32.346012 0.004000
v 11.536118 -32.450989 0.004000
v 11.441882 -32.413013 0.004000
v 11.508995 -32.518288 0.004000
v 11.415005 -32.479710 0.004000
v 11.480995 -32.585289 0.004000
v 11.387005 -32.546711 0.004000
v 11.453996 -32.652290 0.004000
v 11.360004 -32.613712 0.004000
v 11.425944 -32.719414 0.004000
v 11.332056 -32.680588 0.004000
v 11.399191 -32.784805 0.004000
v 11.304809 -32.747196 0.004000
v 11.373360 -32.851379 0.004000
v 11.278641 -32.814621 0.004000
v 11.347711 -32.917446 0.004000
v 11.252290 -32.882553 0.004000
v 11.325371 -32.982521 0.004000
v 11.228629 -32.951477 0.004000
v 11.305967 -33.047520 0.004000
v 11.208033 -33.020477 0.004000
v 11.289493 -33.112450 0.004000
v 11.190507 -33.089550 0.004000
v 11.275726 -33.178391 0.004000
v 11.176274 -33.157608 0.004000
v 11.261634 -33.245823 0.004000
v 11.162366 -33.224178 0.004000
v 11.246555 -33.312180 0.004000
v 11.147445 -33.289822 0.004000
v 11.231573 -33.379097 0.004000
v 11.132427 -33.356903 0.004000
v 11.216651 -33.445744 0.004000
v 11.117350 -33.424255 0.004000
v 11.202799 -33.512035 0.004000
v 11.103201 -33.491966 0.004000
v 11.189870 -33.578674 0.004000
v 11.090130 -33.559322 0.004000
v 11.177004 -33.644955 0.004000
v 11.076996 -33.627045 0.004000
v 11.166263 -33.710373 0.004000
v 11.065738 -33.695629 0.004000
v 11.155374 -33.792572 0.004000
v 11.054626 -33.779430 0.004000
v 11.142469 -33.892788 0.004000
v 11.041531 -33.881214 0.004000
v 11.130527 -34.009254 0.004000
v 11.029472 -33.998745 0.004000
v 11.114960 -34.150551 0.004000
v 11.017040 -34.123451 0.004000
v 11.048491 -34.301250 0.004000
v 10.961508 -34.248749 0.004000
v 10.934442 -34.451332 0.004000
v 10.859558 -34.382668 0.004000
v 10.772328 -34.603188 0.004000
v 10.707672 -34.524815 0.004000
v 10.567185 -34.754860 0.004000
v 10.506815 -34.673141 0.004000
v 10.414145 -34.867889 0.004000
v 10.353854 -34.786110 0.004000
v 10.312180 -34.942863 0.004000
v 10.251821 -34.861137 0.004000
v 10.261352 -34.980736 0.004000
v 10.200648 -34.899265 0.004000
vn -0.0000 -0.0000 1.0000
s 0
usemtl white_tape
f 3550//5 3551//5 3549//5
f 3552//5 3553//5 3551//5
f 3554//5 3555//5 3553//5
f 3556//5 3557//5 3555//5
f 3558//5 3559//5 3557//5
f 3560//5 3561//5 3559//5
f 3562//5 3563//5 3561//5
f 3564//5 3565//5 3563//5
f 3566//5 3567//5 3565//5
f 3568//5 3569//5 3567//5
f 3570//5 3571//5 3569//5
f 3572//5 3573//5 3571//5
f 3574//5 3575//5 3573//5
f 3576//5 3577//5 3575//5
f 3578//5 3579//5 3577//5
f 3580//5 3581//5 3579//5
f 3582//5 3583//5 3581//5
f 3584//5 3585//5 3583//5
f 3586//5 3587//5 3585//5
f 3588//5 3589//5 3587//5
f 3590//5 3591//5 3589//5
f 3592//5 3593//5 3591//5
f 3594//5 3595//5 3593//5
f 3596//5 3597//5 3595//5
f 3598//5 3599//5 3597//5
f 3600//5 3601//5 3599//5
f 3602//5 3603//5 3601//5
f 3604//5 3605//5 3603//5
f 3606//5 3607//5 3605//5
f 3608//5 3609//5 3607//5
f 3610//5 3611//5 3609//5
f 3612//5 3613//5 3611//5
f 3614//5 3615//5 3613//5
f 3616//5 3617//5 3615//5
f 3618//5 3619//5 3617//5
f 3620//5 3621//5 3619//5
f 3622//5 3623//5 3621//5
f 3624//5 3625//5 3623//5
f 3626//5 3627//5 3625//5
f 3628//5 3629//5 3627//5
f 3630//5 3631//5 3629//5
f 3632//5 3633//5 3631//5
f 3634//5 3635//5 3633//5
f 3636//5 3637//5 3635//5
f 3638//5 3639//5 3637//5
f 3640//5 3641//5 3639//5
f 3642//5 3643//5 3641//5
f 3644//5 3645//5 3643//5
f 3646//5 3647//5 3645//5
f 3648//5 3649//5 3647//5
f 3650//5 3651//5 3649//5
f 3652//5 3653//5 3651//5
f 3654//5 3655//5 3653//5
f 3656//5 3657//5 3655//5
f 3658//5 3659//5 3657//5
f 3660//5 3661//5 3659//5
f 3662//5 3663//5 3661//5
f 3664//5 3665//5 3663//5
f 3666//5 3667//5 3665//5
f 3668//5 3669//5 3667//5
f 3670//5 3671//5 3669//5
f 3672//5 3673//5 3671//5
f 3674//5 3675//5 3673//5
f 3676//5 3677//5 3675//5
f 3678//5 3679//5 3677//5
f 3680//5 3681//5 3679//5
f 3682//5 3683//5 3681//5
f 3684//5 3685//5 3683//5
f 3686//5 3687//5 3685//5
f 3688//5 3689//5 3687//5
f 3690//5 3691//5 3689//5
f 3692//5 3693//5 3691//5
f 3694//5 3695//5 3693//5
f 3696//5 3697//5 3695//5
f 3698//5 3699//5 3697//5
f 3700//5 3701//5 3699//5
f 3702//5 3703//5 3701//5
f 3704//5 3705//5 3703//5
f 3706//5 3707//5 3705//5
f 3708//5 3709//5 3707//5
f 3710//5 3711//5 3709//5
f 3712//5 3713//5 3711//5
f 3714//5 3715//5 3713//5
f 3715//5 3718//5 3717//5
f 3718//5 3719//5 3717//5
f 3719//5 3722//5 3721//5
f 3721//5 3724//5 3723//5
f 3724//5 3725//5 3723//5
f 3725//5 3728//5 3727//5
f 3727//5 3730//5 3729//5
f 3729//5 3732//5 3731//5
f 3732//5 3733//5 3731//5
f 3734//5 3735//5 3733//5
f 3736//5 3737//5 3735//5
f 3738//5 3739//5 3737//5
f 3739//5 3742//5 3741//5
f 3742//5 3743//5 3741//5
f 3744//5 3745//5 3743//5
f 3745//5 3748//5 3747//5
f 3748//5 3749//5 3747//5
f 3749//5 3752//5 3751//5
f 3752//5 3753//5 3751//5
f 3753//5 3756//5 3755//5
f 3755//5 3758//5 3757//5
f 3757//5 3760//5 3759//5
f 3760//5 3761//5 3759//5
f 3761//5 3764//5 3763//5
f 3764//5 3765//5 3763//5
f 3765//5 3768//5 3767//5
f 3767//5 3770//5 3769//5
f 3770//5 3771//5 3769//5
f 3771//5 3774//5 3773//5
f 3774//5 3775//5 3773//5
f 3776//5 3777//5 3775//5
f 3778//5 3779//5 3777//5
f 3779//5 3782//5 3781//5
f 3781//5 3784//5 3783//5
f 3784//5 3785//5 3783//5
f 3785//5 3788//5 3787//5
f 3788//5 3789//5 3787//5
f 3789//5 3792//5 3791//5
f 3792//5 3793//5 3791//5
f 3793//5 3796//5 3795//5
f 3796//5 3797//5 3795//5
f 3797//5 3800//5 3799//5
f 3800//5 3801//5 3799//5
f 3801//5 3804//5 3803//5
f 3803//5 3806//5 3805//5
f 3806//5 3807//5 3805//5
f 3807//5 3810//5 3809//5
f 3809//5 3812//5 3811//5
f 3811//5 3814//5 3813//5
f 3814//5 3815//5 3813//5
f 3816//5 3817//5 3815//5
f 3817//5 3820//5 3819//5
f 3820//5 3821//5 3819//5
f 3822//5 3823//5 3821//5
f 3823//5 3826//5 3825//5
f 3826//5 3827//5 3825//5
f 3827//5 3830//5 3829//5
f 3830//5 3831//5 3829//5
f 3831//5 3834//5 3833//5
f 3834//5 3835//5 3833//5
f 3835//5 3838//5 3837//5
f 3837//5 3840//5 3839//5
f 3840//5 3841//5 3839//5
f 3842//5 3843//5 3841//5
f 3843//5 3846//5 3845//5
f 3846//5 3847//5 3845//5
f 3847//5 3850//5 3849//5
f 3849//5 3852//5 3851//5
f 3852//5 3853//5 3851//5
f 3853//5 3856//5 3855//5
f 3856//5 3857//5 3855//5
f 3857//5 3860//5 3859//5
f 3860//5 3861//5 3859//5
f 3861//5 3864//5 3863//5
f 3863//5 3866//5 3865//5
f 3865//5 3868//5 3867//5
f 3867//5 3870//5 3869//5
f 3869//5 3872//5 3871//5
f 3871//5 3874//5 3873//5
f 3873//5 3876//5 3875//5
f 3876//5 3877//5 3875//5
f 3877//5 3880//5 3879//5
f 3880//5 3881//5 3879//5
f 3881//5 3884//5 3883//5
f 3884//5 3885//5 3883//5
f 3885//5 3888//5 3887//5
f 3887//5 3890//5 3889//5
f 3890//5 3891//5 3889//5
f 3891//5 3894//5 3893//5
f 3894//5 3895//5 3893//5
f 3895//5 3898//5 3897//5
f 3898//5 3899//5 3897//5
f 3899//5 3902//5 3901//5
f 3902//5 3903//5 3901//5
f 3903//5 3906//5 3905//5
f 3905//5 3908//5 3907//5
f 3908//5 3909//5 3907//5
f 3909//5 3912//5 3911//5
f 3912//5 3913//5 3911//5
f 3913//5 3916//5 3915//5
f 3915//5 3918//5 3917//5
f 3918//5 3919//5 3917//5
f 3919//5 3922//5 3921//5
f 3922//5 3923//5 3921//5
f 3924//5 3925//5 3923//5
f 3926//5 3927//5 3925//5
f 3928//5 3929//5 3927//5
f 3929//5 3932//5 3931//5
f 3932//5 3933//5 3931//5
f 3934//5 3935//5 3933//5
f 3935//5 3938//5 3937//5
f 3938//5 3939//5 3937//5
f 3939//5 3942//5 3941//5
f 3942//5 3943//5 3941//5
f 3944//5 3945//5 3943//5
f 3946//5 3947//5 3945//5
f 3948//5 3949//5 3947//5
f 3949//5 3952//5 3951//5
f 3952//5 3953//5 3951//5
f 3953//5 3956//5 3955//5
f 3956//5 3957//5 3955//5
f 3958//5 3959//5 3957//5
f 3959//5 3962//5 3961//5
f 3962//5 3963//5 3961//5
f 3963//5 3966//5 3965//5
f 3966//5 3967//5 3965//5
f 3967//5 3970//5 3969//5
f 3970//5 3971//5 3969//5
f 3971//5 3974//5 3973//5
f 3973//5 3976//5 3975//5
f 3976//5 3977//5 3975//5
f 3977//5 3980//5 3979//5
f 3980//5 3981//5 3979//5
f 3981//5 3984//5 3983//5
f 3984//5 3985//5 3983//5
f 3986//5 3987//5 3985//5
f 3987//5 3990//5 3989//5
f 3990//5 3991//5 3989//5
f 3991//5 3994//5 3993//5
f 3994//5 3995//5 3993//5
f 3996//5 3997//5 3995//5
f 3998//5 3999//5 3997//5
f 3999//5 4002//5 4001//5
f 4002//5 4003//5 4001//5
f 4003//5 4006//5 4005//5
f 4006//5 4007//5 4005//5
f 4007//5 4010//5 4009//5
f 4010//5 4011//5 4009//5
f 4012//5 4013//5 4011//5
f 4013//5 4016//5 4015//5
f 4016//5 4017//5 4015//5
f 4018//5 4019//5 4017//5
f 4019//5 4022//5 4021//5
f 4021//5 4024//5 4023//5
f 4023//5 4026//5 4025//5
f 4026//5 4027//5 4025//5
f 4027//5 4030//5 4029//5
f 4030//5 4031//5 4029//5
f 4031//5 4034//5 4033//5
f 4034//5 4035//5 4033//5
f 4035//5 4038//5 4037//5
f 4038//5 4039//5 4037//5
f 4039//5 4042//5 4041//5
f 4042//5 4043//5 4041//5
f 4043//5 4046//5 4045//5
f 4046//5 4047//5 4045//5
f 4047//5 4050//5 4049//5
f 4050//5 4051//5 4049//5
f 4051//5 4054//5 4053//5
f 4053//5 4056//5 4055//5
f 4056//5 4057//5 4055//5
f 4057//5 4060//5 4059//5
f 4060//5 4061//5 4059//5
f 4062//5 4063//5 4061//5
f 4063//5 4066//5 4065//5
f 4066//5 4067//5 4065//5
f 4067//5 4070//5 4069//5
f 4069//5 4072//5 4071//5
f 4071//5 4074//5 4073//5
f 4074//5 4075//5 4073//5
f 4076//5 4077//5 4075//5
f 4077//5 4080//5 4079//5
f 4080//5 4081//5 4079//5
f 4082//5 4083//5 4081//5
f 4083//5 4086//5 4085//5
f 4086//5 4087//5 4085//5
f 4088//5 4089//5 4087//5
f 4089//5 4092//5 4091//5
f 4092//5 4093//5 4091//5
f 4094//5 4095//5 4093//5
f 4095//5 4098//5 4097//5
f 4098//5 4099//5 4097//5
f 4099//5 4102//5 4101//5
f 4101//5 4104//5 4103//5
f 4103//5 4106//5 4105//5
f 4106//5 4107//5 4105//5
f 4107//5 4110//5 4109//5
f 4109//5 4112//5 4111//5
f 4112//5 4113//5 4111//5
f 4114//5 4115//5 4113//5
f 4115//5 4118//5 4117//5
f 4117//5 4120//5 4119//5
f 4120//5 4121//5 4119//5
f 4121//5 4124//5 4123//5
f 4124//5 4125//5 4123//5
f 4125//5 4128//5 4127//5
f 4127//5 4130//5 4129//5
f 4129//5 4132//5 4131//5
f 4131//5 4134//5 4133//5
f 4133//5 4136//5 4135//5
f 4136//5 4137//5 4135//5
f 4137//5 4140//5 4139//5
f 4140//5 4141//5 4139//5
f 4141//5 4144//5 4143//5
f 4143//5 4146//5 4145//5
f 4145//5 4148//5 4147//5
f 4147//5 4150//5 4149//5
f 4149//5 4152//5 4151//5
f 4152//5 4153//5 4151//5
f 4153//5 4156//5 4155//5
f 4156//5 4157//5 4155//5
f 4157//5 4160//5 4159//5
f 4160//5 4161//5 4159//5
f 4161//5 4164//5 4163//5
f 4164//5 4165//5 4163//5
f 4166//5 4167//5 4165//5
f 4167//5 4170//5 4169//5
f 4169//5 4172//5 4171//5
f 4172//5 4173//5 4171//5
f 4173//5 4176//5 4175//5
f 4175//5 4178//5 4177//5
f 4178//5 4179//5 4177//5
f 4179//5 4182//5 4181//5
f 4181//5 4184//5 4183//5
f 4183//5 4186//5 4185//5
f 4186//5 4187//5 4185//5
f 4188//5 4189//5 4187//5
f 4189//5 4192//5 4191//5
f 4192//5 4193//5 4191//5
f 4193//5 4196//5 4195//5
f 4196//5 4197//5 4195//5
f 4198//5 4199//5 4197//5
f 4199//5 4202//5 4201//5
f 4202//5 4203//5 4201//5
f 4204//5 4205//5 4203//5
f 4205//5 4208//5 4207//5
f 4208//5 4209//5 4207//5
f 4209//5 4212//5 4211//5
f 4212//5 4213//5 4211//5
f 4213//5 4216//5 4215//5
f 4215//5 4218//5 4217//5
f 4218//5 4219//5 4217//5
f 4220//5 4221//5 4219//5
f 4222//5 4223//5 4221//5
f 4223//5 4226//5 4225//5
f 4226//5 4227//5 4225//5
f 4228//5 4229//5 4227//5
f 4230//5 4231//5 4229//5
f 4231//5 4234//5 4233//5
f 4233//5 4236//5 4235//5
f 4235//5 4238//5 4237//5
f 4237//5 4240//5 4239//5
f 4239//5 4242//5 4241//5
f 4242//5 4243//5 4241//5
f 4244//5 4245//5 4243//5
f 4245//5 4248//5 4247//5
f 4248//5 4249//5 4247//5
f 4250//5 4251//5 4249//5
f 4252//5 4253//5 4251//5
f 4253//5 4256//5 4255//5
f 4256//5 4257//5 4255//5
f 4257//5 4260//5 4259//5
f 4259//5 4262//5 4261//5
f 4262//5 4263//5 4261//5
f 4264//5 4265//5 4263//5
f 4266//5 4267//5 4265//5
f 4267//5 4270//5 4269//5
f 4269//5 4272//5 4271//5
f 4272//5 4273//5 4271//5
f 4273//5 4276//5 4275//5
f 4275//5 4278//5 4277//5
f 4278//5 4279//5 4277//5
f 4279//5 4282//5 4281//5
f 4281//5 4284//5 4283//5
f 4283//5 4286//5 4285//5
f 4286//5 4287//5 4285//5
f 4287//5 4290//5 4289//5
f 4290//5 4291//5 4289//5
f 4291//5 4294//5 4293//5
f 4294//5 4295//5 4293//5
f 4295//5 4298//5 4297//5
f 4297//5 4300//5 4299//5
f 4300//5 4301//5 4299//5
f 4302//5 4303//5 4301//5
f 4303//5 4306//5 4305//5
f 4306//5 4307//5 4305//5
f 4308//5 4309//5 4307//5
f 4310//5 4311//5 4309//5
f 4311//5 4314//5 4313//5
f 4314//5 4315//5 4313//5
f 4315//5 4318//5 4317//5
f 4318//5 4319//5 4317//5
f 4320//5 4321//5 4319//5
f 4321//5 4324//5 4323//5
f 4323//5 4326//5 4325//5
f 4326//5 4327//5 4325//5
f 4327//5 4330//5 4329//5
f 4329//5 4332//5 4331//5
f 4332//5 4333//5 4331//5
f 4333//5 4336//5 4335//5
f 4336//5 4337//5 4335//5
f 4338//5 4339//5 4337//5
f 4339//5 4342//5 4341//5
f 4342//5 4343//5 4341//5
f 4344//5 4345//5 4343//5
f 4345//5 4348//5 4347//5
f 4347//5 4350//5 4349//5
f 4349//5 4352//5 4351//5
f 4352//5 4353//5 4351//5
f 4353//5 4356//5 4355//5
f 4356//5 4357//5 4355//5
f 4358//5 4359//5 4357//5
f 4359//5 4362//5 4361//5
f 4361//5 4364//5 4363//5
f 4364//5 4365//5 4363//5
f 4366//5 4367//5 4365//5
f 4368//5 4369//5 4367//5
f 4369//5 4372//5 4371//5
f 4372//5 4373//5 4371//5
f 4374//5 4375//5 4373//5
f 4375//5 4378//5 4377//5
f 4377//5 4380//5 4379//5
f 4379//5 4382//5 4381//5
f 4382//5 4383//5 4381//5
f 4383//5 4386//5 4385//5
f 4385//5 4388//5 4387//5
f 4388//5 4389//5 4387//5
f 4389//5 4392//5 4391//5
f 4392//5 4393//5 4391//5
f 4393//5 4396//5 4395//5
f 4396//5 4397//5 4395//5
f 4397//5 4400//5 4399//5
f 4400//5 4401//5 4399//5
f 4402//5 4403//5 4401//5
f 4403//5 4406//5 4405//5
f 4405//5 4408//5 4407//5
f 4408//5 4409//5 4407//5
f 4409//5 4412//5 4411//5
f 4412//5 4413//5 4411//5
f 4413//5 4416//5 4415//5
f 4416//5 4417//5 4415//5
f 4417//5 4420//5 4419//5
f 4420//5 4421//5 4419//5
f 4421//5 4424//5 4423//5
f 4424//5 4425//5 4423//5
f 4426//5 4427//5 4425//5
f 4427//5 4430//5 4429//5
f 4430//5 4431//5 4429//5
f 4431//5 4434//5 4433//5
f 4433//5 4436//5 4435//5
f 4436//5 4437//5 4435//5
f 4437//5 4440//5 4439//5
f 4440//5 4441//5 4439//5
f 4442//5 4443//5 4441//5
f 4443//5 4446//5 4445//5
f 4446//5 4447//5 4445//5
f 4447//5 4450//5 4449//5
f 4449//5 4452//5 4451//5
f 4452//5 4453//5 4451//5
f 4454//5 4455//5 4453//5
f 4455//5 4458//5 4457//5
f 4458//5 4459//5 4457//5
f 4459//5 4462//5 4461//5
f 4462//5 4463//5 4461//5
f 4463//5 4466//5 4465//5
f 4466//5 4467//5 4465//5
f 4468//5 4469//5 4467//5
f 4469//5 4472//5 4471//5
f 4472//5 4473//5 4471//5
f 4474//5 4475//5 4473//5
f 4475//5 4478//5 4477//5
f 4478//5 4479//5 4477//5
f 4479//5 4482//5 4481//5
f 4482//5 4483//5 4481//5
f 4483//5 4486//5 4485//5
f 4486//5 4487//5 4485//5
f 4487//5 4490//5 4489//5
f 4490//5 4491//5 4489//5
f 4491//5 4494//5 4493//5
f 4493//5 4496//5 4495//5
f 4495//5 4498//5 4497//5
f 4498//5 4499//5 4497//5
f 4500//5 4501//5 4499//5
f 4502//5 4503//5 4501//5
f 4503//5 4506//5 4505//5
f 4506//5 4507//5 4505//5
f 4507//5 4510//5 4509//5
f 4509//5 4512//5 4511//5
f 4512//5 4513//5 4511//5
f 4514//5 4515//5 4513//5
f 4515//5 4518//5 4517//5
f 4517//5 4520//5 4519//5
f 4520//5 4521//5 4519//5
f 4521//5 4524//5 4523//5
f 4524//5 4525//5 4523//5
f 4525//5 4528//5 4527//5
f 4528//5 4529//5 4527//5
f 4529//5 4532//5 4531//5
f 4532//5 4533//5 4531//5
f 4534//5 4535//5 4533//5
f 4535//5 4538//5 4537//5
f 4538//5 4539//5 4537//5
f 4539//5 4542//5 4541//5
f 4541//5 4544//5 4543//5
f 4544//5 4545//5 4543//5
f 4545//5 4548//5 4547//5
f 4548//5 4549//5 4547//5
f 4549//5 4552//5 4551//5
f 4552//5 4553//5 4551//5
f 4553//5 4556//5 4555//5
f 4555//5 4558//5 4557//5
f 4558//5 4559//5 4557//5
f 4559//5 4562//5 4561//5
f 4562//5 4563//5 4561//5
f 4563//5 4566//5 4565//5
f 4566//5 4567//5 4565//5
f 4567//5 4570//5 4569//5
f 4570//5 4571//5 4569//5
f 4571//5 4574//5 4573//5
f 4574//5 4575//5 4573//5
f 4575//5 4578//5 4577//5
f 4578//5 4579//5 4577//5
f 4580//5 4581//5 4579//5
f 4581//5 4584//5 4583//5
f 4584//5 4585//5 4583//5
f 4586//5 4587//5 4585//5
f 4587//5 4590//5 4589//5
f 4590//5 4591//5 4589//5
f 4591//5 4594//5 4593//5
f 4594//5 4595//5 4593//5
f 4595//5 4598//5 4597//5
f 4598//5 4599//5 4597//5
f 4600//5 4601//5 4599//5
f 4601//5 4604//5 4603//5
f 4604//5 4605//5 4603//5
f 4605//5 4608//5 4607//5
f 4607//5 4610//5 4609//5
f 4610//5 4611//5 4609//5
f 4611//5 4614//5 4613//5
f 4614//5 4615//5 4613//5
f 4616//5 4617//5 4615//5
f 4617//5 4620//5 4619//5
f 4620//5 4621//5 4619//5
f 4622//5 4623//5 4621//5
f 4624//5 4625//5 4623//5
f 4626//5 4627//5 4625//5
f 4627//5 4630//5 4629//5
f 4629//5 4632//5 4631//5
f 4632//5 4633//5 4631//5
f 4633//5 4636//5 4635//5
f 4636//5 4637//5 4635//5
f 4638//5 4639//5 4637//5
f 4639//5 4642//5 4641//5
f 4642//5 4643//5 4641//5
f 4644//5 4645//5 4643//5
f 4645//5 4648//5 4647//5
f 4648//5 4649//5 4647//5
f 4649//5 4652//5 4651//5
f 4651//5 4654//5 4653//5
f 4654//5 4655//5 4653//5
f 4656//5 4657//5 4655//5
f 4658//5 4659//5 4657//5
f 4660//5 4661//5 4659//5
f 4661//5 4664//5 4663//5
f 4664//5 4665//5 4663//5
f 4665//5 4668//5 4667//5
f 3550//5 3552//5 3551//5
f 3552//5 3554//5 3553//5
f 3554//5 3556//5 3555//5
f 3556//5 3558//5 3557//5
f 3558//5 3560//5 3559//5
f 3560//5 3562//5 3561//5
f 3562//5 3564//5 3563//5
f 3564//5 3566//5 3565//5
f 3566//5 3568//5 3567//5
f 3568//5 3570//5 3569//5
f 3570//5 3572//5 3571//5
f 3572//5 3574//5 3573//5
f 3574//5 3576//5 3575//5
f 3576//5 3578//5 3577//5
f 3578//5 3580//5 3579//5
f 3580//5 3582//5 3581//5
f 3582//5 3584//5 3583//5
f 3584//5 3586//5 3585//5
f 3586//5 3588//5 3587//5
f 3588//5 3590//5 3589//5
f 3590//5 3592//5 3591//5
f 3592//5 3594//5 3593//5
f 3594//5 3596//5 3595//5
f 3596//5 3598//5 3597//5
f 3598//5 3600//5 3599//5
f 3600//5 3602//5 3601//5
f 3602//5 3604//5 3603//5
f 3604//5 3606//5 3605//5
f 3606//5 3608//5 3607//5
f 3608//5 3610//5 3609//5
f 3610//5 3612//5 3611//5
f 3612//5 3614//5 3613//5
f 3614//5 3616//5 3615//5
f 3616//5 3618//5 3617//5
f 3618//5 3620//5 3619//5
f 3620//5 3622//5 3621//5
f 3622//5 3624//5 3623//5
f 3624//5 3626//5 3625//5
f 3626//5 3628//5 3627//5
f 3628//5 3630//5 3629//5
f 3630//5 3632//5 3631//5
f 3632//5 3634//5 3633//5
f 3634//5 3636//5 3635//5
f 3636//5 3638//5 3637//5
f 3638//5 3640//5 3639//5
f 3640//5 3642//5 3641//5
f 3642//5 3644//5 3643//5
f 3644//5 3646//5 3645//5
f 3646//5 3648//5 3647//5
f 3648//5 3650//5 3649//5
f 3650//5 3652//5 3651//5
f 3652//5 3654//5 3653//5
f 3654//5 3656//5 3655//5
f 3656//5 3658//5 3657//5
f 3658//5 3660//5 3659//5
f 3660//5 3662//5 3661//5
f 3662//5 3664//5 3663//5
f 3664//5 3666//5 3665//5
f 3666//5 3668//5 3667//5
f 3668//5 3670//5 3669//5
f 3670//5 3672//5 3671//5
f 3672//5 3674//5 3673//5
f 3674//5 3676//5 3675//5
f 3676//5 3678//5 3677//5
f 3678//5 3680//5 3679//5
f 3680//5 3682//5 3681//5
f 3682//5 3684//5 3683//5
f 3684//5 3686//5 3685//5
f 3686//5 3688//5 3687//5
f 3688//5 3690//5 3689//5
f 3690//5 3692//5 3691//5
f 3692//5 3694//5 3693//5
f 3694//5 3696//5 3695//5
f 3696//5 3698//5 3697//5
f 3698//5 3700//5 3699//5
f 3700//5 3702//5 3701//5
f 3702//5 3704//5 3703//5
f 3704//5 3706//5 3705//5
f 3706//5 3708//5 3707//5
f 3708//5 3710//5 3709//5
f 3710//5 3712//5 3711//5
f 3712//5 3714//5 3713//5
f 3714//5 3716//5 3715//5
f 3715//5 3716//5 3718//5
f 3718//5 3720//5 3719//5
f 3719//5 3720//5 3722//5
f 3721//5 3722//5 3724//5
f 3724//5 3726//5 3725//5
f 3725//5 3726//5 3728//5
f 3727//5 3728//5 3730//5
f 3729//5 3730//5 3732//5
f 3732//5 3734//5 3733//5
f 3734//5 3736//5 3735//5
f 3736//5 3738//5 3737//5
f 3738//5 3740//5 3739//5
f 3739//5 3740//5 3742//5
f 3742//5 3744//5 3743//5
f 3744//5 3746//5 3745//5
f 3745//5 3746//5 3748//5
f 3748//5 3750//5 3749//5
f 3749//5 3750//5 3752//5
f 3752//5 3754//5 3753//5
f 3753//5 3754//5 3756//5
f 3755//5 3756//5 3758//5
f 3757//5 3758//5 3760//5
f 3760//5 3762//5 3761//5
f 3761//5 3762//5 3764//5
f 3764//5 3766//5 3765//5
f 3765//5 3766//5 3768//5
f 3767//5 3768//5 3770//5
f 3770//5 3772//5 3771//5
f 3771//5 3772//5 3774//5
f 3774//5 3776//5 3775//5
f 3776//5 3778//5 3777//5
f 3778//5 3780//5 3779//5
f 3779//5 3780//5 3782//5
f 3781//5 3782//5 3784//5
f 3784//5 3786//5 3785//5
f 3785//5 3786//5 3788//5
f 3788//5 3790//5 3789//5
f 3789//5 3790//5 3792//5
f 3792//5 3794//5 3793//5
f 3793//5 3794//5 3796//5
f 3796//5 3798//5 3797//5
f 3797//5 3798//5 3800//5
f 3800//5 3802//5 3801//5
f 3801//5 3802//5 3804//5
f 3803//5 3804//5 3806//5
f 3806//5 3808//5 3807//5
f 3807//5 3808//5 3810//5
f 3809//5 3810//5 3812//5
f 3811//5 3812//5 3814//5
f 3814//5 3816//5 3815//5
f 3816//5 3818//5 3817//5
f 3817//5 3818//5 3820//5
f 3820//5 3822//5 3821//5
f 3822//5 3824//5 3823//5
f 3823//5 3824//5 3826//5
f 3826//5 3828//5 3827//5
f 3827//5 3828//5 3830//5
f 3830//5 3832//5 3831//5
f 3831//5 3832//5 3834//5
f 3834//5 3836//5 3835//5
f 3835//5 3836//5 3838//5
f 3837//5 3838//5 3840//5
f 3840//5 3842//5 3841//5
f 3842//5 3844//5 3843//5
f 3843//5 3844//5 3846//5
f 3846//5 3848//5 3847//5
f 3847//5 3848//5 3850//5
f 3849//5 3850//5 3852//5
f 3852//5 3854//5 3853//5
f 3853//5 3854//5 3856//5
f 3856//5 3858//5 3857//5
f 3857//5 3858//5 3860//5
f 3860//5 3862//5 3861//5
f 3861//5 3862//5 3864//5
f 3863//5 3864//5 3866//5
f 3865//5 3866//5 3868//5
f 3867//5 3868//5 3870//5
f 3869//5 3870//5 3872//5
f 3871//5 3872//5 3874//5
f 3873//5 3874//5 3876//5
f 3876//5 3878//5 3877//5
f 3877//5 3878//5 3880//5
f 3880//5 3882//5 3881//5
f 3881//5 3882//5 3884//5
f 3884//5 3886//5 3885//5
f 3885//5 3886//5 3888//5
f 3887//5 3888//5 3890//5
f 3890//5 3892//5 3891//5
f 3891//5 3892//5 3894//5
f 3894//5 3896//5 3895//5
f 3895//5 3896//5 3898//5
f 3898//5 3900//5 3899//5
f 3899//5 3900//5 3902//5
f 3902//5 3904//5 3903//5
f 3903//5 3904//5 3906//5
f 3905//5 3906//5 3908//5
f 3908//5 3910//5 3909//5
f 3909//5 3910//5 3912//5
f 3912//5 3914//5 3913//5
f 3913//5 3914//5 3916//5
f 3915//5 3916//5 3918//5
f 3918//5 3920//5 3919//5
f 3919//5 3920//5 3922//5
f 3922//5 3924//5 3923//5
f 3924//5 3926//5 3925//5
f 3926//5 3928//5 3927//5
f 3928//5 3930//5 3929//5
f 3929//5 3930//5 3932//5
f 3932//5 3934//5 3933//5
f 3934//5 3936//5 3935//5
f 3935//5 3936//5 3938//5
f 3938//5 3940//5 3939//5
f 3939//5 3940//5 3942//5
f 3942//5 3944//5 3943//5
f 3944//5 3946//5 3945//5
f 3946//5 3948//5 3947//5
f 3948//5 3950//5 3949//5
f 3949//5 3950//5 3952//5
f 3952//5 3954//5 3953//5
f 3953//5 3954//5 3956//5
f 3956//5 3958//5 3957//5
f 3958//5 3960//5 3959//5
f 3959//5 3960//5 3962//5
f 3962//5 3964//5 3963//5
f 3963//5 3964//5 3966//5
f 3966//5 3968//5 3967//5
f 3967//5 3968//5 3970//5
f 3970//5 3972//5 3971//5
f 3971//5 3972//5 3974//5
f 3973//5 3974//5 3976//5
f 3976//5 3978//5 3977//5
f 3977//5 3978//5 3980//5
f 3980//5 3982//5 3981//5
f 3981//5 3982//5 3984//5
f 3984//5 3986//5 3985//5
f 3986//5 3988//5 3987//5
f 3987//5 3988//5 3990//5
f 3990//5 3992//5 3991//5
f 3991//5 3992//5 3994//5
f 3994//5 3996//5 3995//5
f 3996//5 3998//5 3997//5
f 3998//5 4000//5 3999//5
f 3999//5 4000//5 4002//5
f 4002//5 4004//5 4003//5
f 4003//5 4004//5 4006//5
f 4006//5 4008//5 4007//5
f 4007//5 4008//5 4010//5
f 4010//5 4012//5 4011//5
f 4012//5 4014//5 4013//5
f 4013//5 4014//5 4016//5
f 4016//5 4018//5 4017//5
f 4018//5 4020//5 4019//5
f 4019//5 4020//5 4022//5
f 4021//5 4022//5 4024//5
f 4023//5 4024//5 4026//5
f 4026//5 4028//5 4027//5
f 4027//5 4028//5 4030//5
f 4030//5 4032//5 4031//5
f 4031//5 4032//5 4034//5
f 4034//5 4036//5 4035//5
f 4035//5 4036//5 4038//5
f 4038//5 4040//5 4039//5
f 4039//5 4040//5 4042//5
f 4042//5 4044//5 4043//5
f 4043//5 4044//5 4046//5
f 4046//5 4048//5 4047//5
f 4047//5 4048//5 4050//5
f 4050//5 4052//5 4051//5
f 4051//5 4052//5 4054//5
f 4053//5 4054//5 4056//5
f 4056//5 4058//5 4057//5
f 4057//5 4058//5 4060//5
f 4060//5 4062//5 4061//5
f 4062//5 4064//5 4063//5
f 4063//5 4064//5 4066//5
f 4066//5 4068//5 4067//5
f 4067//5 4068//5 4070//5
f 4069//5 4070//5 4072//5
f 4071//5 4072//5 4074//5
f 4074//5 4076//5 4075//5
f 4076//5 4078//5 4077//5
f 4077//5 4078//5 4080//5
f 4080//5 4082//5 4081//5
f 4082//5 4084//5 4083//5
f 4083//5 4084//5 4086//5
f 4086//5 4088//5 4087//5
f 4088//5 4090//5 4089//5
f 4089//5 4090//5 4092//5
f 4092//5 4094//5 4093//5
f 4094//5 4096//5 4095//5
f 4095//5 4096//5 4098//5
f 4098//5 4100//5 4099//5
f 4099//5 4100//5 4102//5
f 4101//5 4102//5 4104//5
f 4103//5 4104//5 4106//5
f 4106//5 4108//5 4107//5
f 4107//5 4108//5 4110//5
f 4109//5 4110//5 4112//5
f 4112//5 4114//5 4113//5
f 4114//5 4116//5 4115//5
f 4115//5 4116//5 4118//5
f 4117//5 4118//5 4120//5
f 4120//5 4122//5 4121//5
f 4121//5 4122//5 4124//5
f 4124//5 4126//5 4125//5
f 4125//5 4126//5 4128//5
f 4127//5 4128//5 4130//5
f 4129//5 4130//5 4132//5
f 4131//5 4132//5 4134//5
f 4133//5 4134//5 4136//5
f 4136//5 4138//5 4137//5
f 4137//5 4138//5 4140//5
f 4140//5 4142//5 4141//5
f 4141//5 4142//5 4144//5
f 4143//5 4144//5 4146//5
f 4145//5 4146//5 4148//5
f 4147//5 4148//5 4150//5
f 4149//5 4150//5 4152//5
f 4152//5 4154//5 4153//5
f 4153//5 4154//5 4156//5
f 4156//5 4158//5 4157//5
f 4157//5 4158//5 4160//5
f 4160//5 4162//5 4161//5
f 4161//5 4162//5 4164//5
f 4164//5 4166//5 4165//5
f 4166//5 4168//5 4167//5
f 4167//5 4168//5 4170//5
f 4169//5 4170//5 4172//5
f 4172//5 4174//5 4173//5
f 4173//5 4174//5 4176//5
f 4175//5 4176//5 4178//5
f 4178//5 4180//5 4179//5
f 4179//5 4180//5 4182//5
f 4181//5 4182//5 4184//5
f 4183//5 4184//5 4186//5
f 4186//5 4188//5 4187//5
f 4188//5 4190//5 4189//5
f 4189//5 4190//5 4192//5
f 4192//5 4194//5 4193//5
f 4193//5 4194//5 4196//5
f 4196//5 4198//5 4197//5
f 4198//5 4200//5 4199//5
f 4199//5 4200//5 4202//5
f 4202//5 4204//5 4203//5
f 4204//5 4206//5 4205//5
f 4205//5 4206//5 4208//5
f 4208//5 4210//5 4209//5
f 4209//5 4210//5 4212//5
f 4212//5 4214//5 4213//5
f 4213//5 4214//5 4216//5
f 4215//5 4216//5 4218//5
f 4218//5 4220//5 4219//5
f 4220//5 4222//5 4221//5
f 4222//5 4224//5 4223//5
f 4223//5 4224//5 4226//5
f 4226//5 4228//5 4227//5
f 4228//5 4230//5 4229//5
f 4230//5 4232//5 4231//5
f 4231//5 4232//5 4234//5
f 4233//5 4234//5 4236//5
f 4235//5 4236//5 4238//5
f 4237//5 4238//5 4240//5
f 4239//5 4240//5 4242//5
f 4242//5 4244//5 4243//5
f 4244//5 4246//5 4245//5
f 4245//5 4246//5 4248//5
f 4248//5 4250//5 4249//5
f 4250//5 4252//5 4251//5
f 4252//5 4254//5 4253//5
f 4253//5 4254//5 4256//5
f 4256//5 4258//5 4257//5
f 4257//5 4258//5 4260//5
f 4259//5 4260//5 4262//5
f 4262//5 4264//5 4263//5
f 4264//5 4266//5 4265//5
f 4266//5 4268//5 4267//5
f 4267//5 4268//5 4270//5
f 4269//5 4270//5 4272//5
f 4272//5 4274//5 4273//5
f 4273//5 4274//5 4276//5
f 4275//5 4276//5 4278//5
f 4278//5 4280//5 4279//5
f 4279//5 4280//5 4282//5
f 4281//5 4282//5 4284//5
f 4283//5 4284//5 4286//5
f 4286//5 4288//5 4287//5
f 4287//5 4288//5 4290//5
f 4290//5 4292//5 4291//5
f 4291//5 4292//5 4294//5
f 4294//5 4296//5 4295//5
f 4295//5 4296//5 4298//5
f 4297//5 4298//5 4300//5
f 4300//5 4302//5 4301//5
f 4302//5 4304//5 4303//5
f 4303//5 4304//5 4306//5
f 4306//5 4308//5 4307//5
f 4308//5 4310//5 4309//5
f 4310//5 4312//5 4311//5
f 4311//5 4312//5 4314//5
f 4314//5 4316//5 4315//5
f 4315//5 4316//5 4318//5
f 4318//5 4320//5 4319//5
f 4320//5 4322//5 4321//5
f 4321//5 4322//5 4324//5
f 4323//5 4324//5 4326//5
f 4326//5 4328//5 4327//5
f 4327//5 4328//5 4330//5
f 4329//5 4330//5 4332//5
f 4332//5 4334//5 4333//5
f 4333//5 4334//5 4336//5
f 4336//5 4338//5 4337//5
f 4338//5 4340//5 4339//5
f 4339//5 4340//5 4342//5
f 4342//5 4344//5 4343//5
f 4344//5 4346//5 4345//5
f 4345//5 4346//5 4348//5
f 4347//5 4348//5 4350//5
f 4349//5 4350//5 4352//5
f 4352//5 4354//5 4353//5
f 4353//5 4354//5 4356//5
f 4356//5 4358//5 4357//5
f 4358//5 4360//5 4359//5
f 4359//5 4360//5 4362//5
f 4361//5 4362//5 4364//5
f 4364//5 4366//5 4365//5
f 4366//5 4368//5 4367//5
f 4368//5 4370//5 4369//5
f 4369//5 4370//5 4372//5
f 4372//5 4374//5 4373//5
f 4374//5 4376//5 4375//5
f 4375//5 4376//5 4378//5
f 4377//5 4378//5 4380//5
f 4379//5 4380//5 4382//5
f 4382//5 4384//5 4383//5
f 4383//5 4384//5 4386//5
f 4385//5 4386//5 4388//5
f 4388//5 4390//5 4389//5
f 4389//5 4390//5 4392//5
f 4392//5 4394//5 4393//5
f 4393//5 4394//5 4396//5
f 4396//5 4398//5 4397//5
f 4397//5 4398//5 4400//5
f 4400//5 4402//5 4401//5
f 4402//5 4404//5 4403//5
f 4403//5 4404//5 4406//5
f 4405//5 4406//5 4408//5
f 4408//5 4410//5 4409//5
f 4409//5 4410//5 4412//5
f 4412//5 4414//5 4413//5
f 4413//5 4414//5 4416//5
f 4416//5 4418//5 4417//5
f 4417//5 4418//5 4420//5
f 4420//5 4422//5 4421//5
f 4421//5 4422//5 4424//5
f 4424//5 4426//5 4425//5
f 4426//5 4428//5 4427//5
f 4427//5 4428//5 4430//5
f 4430//5 4432//5 4431//5
f 4431//5 4432//5 4434//5
f 4433//5 4434//5 4436//5
f 4436//5 4438//5 4437//5
f 4437//5 4438//5 4440//5
f 4440//5 4442//5 4441//5
f 4442//5 4444//5 4443//5
f 4443//5 4444//5 4446//5
f 4446//5 4448//5 4447//5
f 4447//5 4448//5 4450//5
f 4449//5 4450//5 4452//5
f 4452//5 4454//5 4453//5
f 4454//5 4456//5 4455//5
f 4455//5 4456//5 4458//5
f 4458//5 4460//5 4459//5
f 4459//5 4460//5 4462//5
f 4462//5 4464//5 4463//5
f 4463//5 4464//5 4466//5
f 4466//5 4468//5 4467//5
f 4468//5 4470//5 4469//5
f 4469//5 4470//5 4472//5
f 4472//5 4474//5 4473//5
f 4474//5 4476//5 4475//5
f 4475//5 4476//5 4478//5
f 4478//5 4480//5 4479//5
f 4479//5 4480//5 4482//5
f 4482//5 4484//5 4483//5
f 4483//5 4484//5 4486//5
f 4486//5 4488//5 4487//5
f 4487//5 4488//5 4490//5
f 4490//5 4492//5 4491//5
f 4491//5 4492//5 4494//5
f 4493//5 4494//5 4496//5
f 4495//5 4496//5 4498//5
f 4498//5 4500//5 4499//5
f 4500//5 4502//5 4501//5
f 4502//5 4504//5 4503//5
f 4503//5 4504//5 4506//5
f 4506//5 4508//5 4507//5
f 4507//5 4508//5 4510//5
f 4509//5 4510//5 4512//5
f 4512//5 4514//5 4513//5
f 4514//5 4516//5 4515//5
f 4515//5 4516//5 4518//5
f 4517//5 4518//5 4520//5
f 4520//5 4522//5 4521//5
f 4521//5 4522//5 4524//5
f 4524//5 4526//5 4525//5
f 4525//5 4526//5 4528//5
f 4528//5 4530//5 4529//5
f 4529//5 4530//5 4532//5
f 4532//5 4534//5 4533//5
f 4534//5 4536//5 4535//5
f 4535//5 4536//5 4538//5
f 4538//5 4540//5 4539//5
f 4539//5 4540//5 4542//5
f 4541//5 4542//5 4544//5
f 4544//5 4546//5 4545//5
f 4545//5 4546//5 4548//5
f 4548//5 4550//5 4549//5
f 4549//5 4550//5 4552//5
f 4552//5 4554//5 4553//5
f 4553//5 4554//5 4556//5
f 4555//5 4556//5 4558//5
f 4558//5 4560//5 4559//5
f 4559//5 4560//5 4562//5
f 4562//5 4564//5 4563//5
f 4563//5 4564//5 4566//5
f 4566//5 4568//5 4567//5
f 4567//5 4568//5 4570//5
f 4570//5 4572//5 4571//5
f 4571//5 4572//5 4574//5
f 4574//5 4576//5 4575//5
f 4575//5 4576//5 4578//5
f 4578//5 4580//5 4579//5
f 4580//5 4582//5 4581//5
f 4581//5 4582//5 4584//5
f 4584//5 4586//5 4585//5
f 4586//5 4588//5 4587//5
f 4587//5 4588//5 4590//5
f 4590//5 4592//5 4591//5
f 4591//5 4592//5 4594//5
f 4594//5 4596//5 4595//5
f 4595//5 4596//5 4598//5
f 4598//5 4600//5 4599//5
f 4600//5 4602//5 4601//5
f 4601//5 4602//5 4604//5
f 4604//5 4606//5 4605//5
f 4605//5 4606//5 4608//5
f 4607//5 4608//5 4610//5
f 4610//5 4612//5 4611//5
f 4611//5 4612//5 4614//5
f 4614//5 4616//5 4615//5
f 4616//5 4618//5 4617//5
f 4617//5 4618//5 4620//5
f 4620//5 4622//5 4621//5
f 4622//5 4624//5 4623//5
f 4624//5 4626//5 4625//5
f 4626//5 4628//5 4627//5
f 4627//5 4628//5 4630//5
f 4629//5 4630//5 4632//5
f 4632//5 4634//5 4633//5
f 4633//5 4634//5 4636//5
f 4636//5 4638//5 4637//5
f 4638//5 4640//5 4639//5
f 4639//5 4640//5 4642//5
f 4642//5 4644//5 4643//5
f 4644//5 4646//5 4645//5
f 4645//5 4646//5 4648//5
f 4648//5 4650//5 4649//5
f 4649//5 4650//5 4652//5
f 4651//5 4652//5 4654//5
f 4654//5 4656//5 4655//5
f 4656//5 4658//5 4657//5
f 4658//5 4660//5 4659//5
f 4660//5 4662//5 4661//5
f 4661//5 4662//5 4664//5
f 4664//5 4666//5 4665//5
f 4665//5 4666//5 4668//5
o pothole_1
v -24.809000 -12.672000 0.004000
v -24.504200 -12.672000 0.004000
v -24.507952 -12.624319 0.004000
v -24.519117 -12.577811 0.004000
v -24.537420 -12.533624 0.004000
v -24.562412 -12.492843 0.004000
v -24.593473 -12.456474 0.004000
v -24.629843 -12.425411 0.004000
v -24.670624 -12.400421 0.004000
v -24.714811 -12.382118 0.004000
v -24.761318 -12.370953 0.004000
v -24.809000 -12.367200 0.004000
v -24.856682 -12.370953 0.004000
v -24.903189 -12.382118 0.004000
v -24.947376 -12.400421 0.004000
v -24.988157 -12.425411 0.004000
v -25.024527 -12.456474 0.004000
v -25.055588 -12.492843 0.004000
v -25.080578 -12.533624 0.004000
v -25.098883 -12.577811 0.004000
v -25.110048 -12.624319 0.004000
v -25.113800 -12.672000 0.004000
v -25.110048 -12.719681 0.004000
v -25.098883 -12.766189 0.004000
v -25.080578 -12.810376 0.004000
v -25.055588 -12.851157 0.004000
v -25.024527 -12.887527 0.004000
v -24.988157 -12.918589 0.004000
v -24.947376 -12.943579 0.004000
v -24.903189 -12.961882 0.004000
v -24.856682 -12.973047 0.004000
v -24.809000 -12.976800 0.004000
v -24.761318 -12.973047 0.004000
v -24.714811 -12.961882 0.004000
v -24.670624 -12.943579 0.004000
v -24.629843 -12.918589 0.004000
v -24.593473 -12.887527 0.004000
v -24.562412 -12.851157 0.004000
v -24.537420 -12.810376 0.004000
v -24.519117 -12.766189 0.004000
v -24.507952 -12.719681 0.004000
vn -0.0000 -0.0000 1.0000
s 0
usemtl white_tape
f 4669//6 4670//6 4671//6
f 4669//6 4671//6 4672//6
f 4669//6 4672//6 4673//6
f 4669//6 4673//6 4674//6
f 4669//6 4674//6 4675//6
f 4669//6 4675//6 4676//6
f 4669//6 4676//6 4677//6
f 4669//6 4677//6 4678//6
f 4669//6 4678//6 4679//6
f 4669//6 4679//6 4680//6
f 4669//6 4680//6 4681//6
f 4669//6 4681//6 4682//6
f 4669//6 4682//6 4683//6
f 4669//6 4683//6 4684//6
f 4669//6 4684//6 4685//6
f 4669//6 4685//6 4686//6
f 4669//6 4686//6 4687//6
f 4669//6 4687//6 4688//6
f 4669//6 4688//6 4689//6
f 4669//6 4689//6 4690//6
f 4669//6 4690//6 4691//6
f 4669//6 4691//6 4692//6
f 4669//6 4692//6 4693//6
f 4669//6 4693//6 4694//6
f 4669//6 4694//6 4695//6
f 4669//6 4695//6 4696//6
f 4669//6 4696//6 4697//6
f 4669//6 4697//6 4698//6
f 4669//6 4698//6 4699//6
f 4669//6 4699//6 4700//6
f 4669//6 4700//6 4701//6
f 4669//6 4701//6 4702//6
f 4669//6 4702//6 4703//6
f 4669//6 4703//6 4704//6
f 4669//6 4704//6 4705//6
f 4669//6 4705//6 4706//6
f 4669//6 4706//6 4707//6
f 4669//6 4707//6 4708//6
f 4669//6 4708//6 4709//6
f 4669//6 4709//6 4670//6
o pothole_2
v 14.243000 -21.365000 0.004000
v 14.547800 -21.365000 0.004000
v 14.544047 -21.317318 0.004000
v 14.532882 -21.270811 0.004000
v 14.514579 -21.226624 0.004000
v 14.489589 -21.185843 0.004000
v 14.458527 -21.149473 0.004000
v 14.422157 -21.118412 0.004000
v 14.381376 -21.093422 0.004000
v 14.337189 -21.075117 0.004000
v 14.290681 -21.063953 0.004000
v 14.243000 -21.060200 0.004000
v 14.195319 -21.063953 0.004000
v 14.148811 -21.075117 0.004000
v 14.104624 -21.093422 0.004000
v 14.063843 -21.118412 0.004000
v 14.027473 -21.149473 0.004000
v 13.996411 -21.185843 0.004000
v 13.971421 -21.226624 0.004000
v 13.953118 -21.270811 0.004000
v 13.941953 -21.317318 0.004000
v 13.938200 -21.365000 0.004000
v 13.941953 -21.412682 0.004000
v 13.953118 -21.459188 0.004000
v 13.971421 -21.503376 0.004000
v 13.996411 -21.544157 0.004000
v 14.027473 -21.580526 0.004000
v 14.063843 -21.611588 0.004000
v 14.104624 -21.636580 0.004000
v 14.148811 -21.654882 0.004000
v 14.195319 -21.666048 0.004000
v 14.243000 -21.669800 0.004000
v 14.290681 -21.666048 0.004000
v 14.337189 -21.654882 0.004000
v 14.381376 -21.636580 0.004000
v 14.422157 -21.611588 0.004000
v 14.458527 -21.580526 0.004000
v 14.489589 -21.544157 0.004000
v 14.514579 -21.503376 0.004000
v 14.532882 -21.459188 0.004000
v 14.544047 -21.412682 0.004000
vn -0.0000 -0.0000 1.0000
s 0
usemtl white_tape
f 4710//7 4711//7 4712//7
f 4710//7 4712//7 4713//7
f 4710//7 4713//7 4714//7
f 4710//7 4714//7 4715//7
f 4710//7 4715//7 4716//7
f 4710//7 4716//7 4717//7
f 4710//7 4717//7 4718//7
f 4710//7 4718//7 4719//7
f 4710//7 4719//7 4720//7
f 4710//7 4720//7 4721//7
f 4710//7 4721//7 4722//7
f 4710//7 4722//7 4723//7
f 4710//7 4723//7 4724//7
f 4710//7 4724//7 4725//7
f 4710//7 4725//7 4726//7
f 4710//7 4726//7 4727//7
f 4710//7 4727//7 4728//7
f 4710//7 4728//7 4729//7
f 4710//7 4729//7 4730//7
f 4710//7 4730//7 4731//7
f 4710//7 4731//7 4732//7
f 4710//7 4732//7 4733//7
f 4710//7 4733//7 4734//7
f 4710//7 4734//7 4735//7
f 4710//7 4735//7 4736//7
f 4710//7 4736//7 4737//7
f 4710//7 4737//7 4738//7
f 4710//7 4738//7 4739//7
f 4710//7 4739//7 4740//7
f 4710//7 4740//7 4741//7
f 4710//7 4741//7 4742//7
f 4710//7 4742//7 4743//7
f 4710//7 4743//7 4744//7
f 4710//7 4744//7 4745//7
f 4710//7 4745//7 4746//7
f 4710//7 4746//7 4747//7
f 4710//7 4747//7 4748//7
f 4710//7 4748//7 4749//7
f 4710//7 4749//7 4750//7
f 4710//7 4750//7 4711//7
